fecha_corte,almacen_id,sku_id,categoria,stock_disponible,stock_minimo,costo_unitario
2024-01-31,ALM-NORTE,SKU-ALM-001,Hardware,97,60,47.85
2024-01-31,ALM-NORTE,SKU-ALM-002,Accesorios,181,37,93.26
2024-01-31,ALM-NORTE,SKU-ALM-003,Almacenamiento,117,28,260.4
2024-01-31,ALM-NORTE,SKU-ALM-004,Redes,98,54,39.56
2024-01-31,ALM-NORTE,SKU-ALM-005,Hardware,41,47,20.81
2024-01-31,ALM-NORTE,SKU-ALM-006,Accesorios,49,25,84.34
2024-01-31,ALM-NORTE,SKU-ALM-007,Almacenamiento,179,52,214.69
2024-01-31,ALM-NORTE,SKU-ALM-008,Redes,201,55,77.6
2024-01-31,ALM-NORTE,SKU-ALM-009,Hardware,67,54,152.64
2024-01-31,ALM-NORTE,SKU-ALM-010,Accesorios,61,48,210.35
2024-01-31,ALM-NORTE,SKU-ALM-011,Almacenamiento,77,20,267.99
2024-01-31,ALM-NORTE,SKU-ALM-012,Redes,162,30,247.37
2024-01-31,ALM-NORTE,SKU-ALM-013,Hardware,55,41,104.48
2024-01-31,ALM-NORTE,SKU-ALM-014,Accesorios,134,33,335.45
2024-01-31,ALM-NORTE,SKU-ALM-015,Almacenamiento,35,41,44.75
2024-01-31,ALM-NORTE,SKU-ALM-016,Redes,104,44,42.88
2024-01-31,ALM-NORTE,SKU-ALM-017,Hardware,131,42,215.27
2024-01-31,ALM-NORTE,SKU-ALM-018,Accesorios,113,22,258.11
2024-01-31,ALM-NORTE,SKU-ALM-019,Almacenamiento,137,54,52.44
2024-01-31,ALM-NORTE,SKU-ALM-020,Redes,14,44,36.79
2024-01-31,ALM-NORTE,SKU-ALM-021,Hardware,148,38,292.0
2024-01-31,ALM-NORTE,SKU-ALM-022,Accesorios,162,59,311.05
2024-01-31,ALM-NORTE,SKU-ALM-023,Almacenamiento,118,43,206.3
2024-01-31,ALM-NORTE,SKU-ALM-024,Redes,46,24,25.58
2024-01-31,ALM-NORTE,SKU-ALM-025,Hardware,106,34,272.84
2024-01-31,ALM-NORTE,SKU-ALM-026,Accesorios,146,25,300.81
2024-01-31,ALM-NORTE,SKU-ALM-027,Almacenamiento,62,26,139.24
2024-01-31,ALM-NORTE,SKU-ALM-028,Redes,118,49,226.13
2024-01-31,ALM-NORTE,SKU-ALM-029,Hardware,114,43,65.3
2024-01-31,ALM-NORTE,SKU-ALM-030,Accesorios,197,42,81.23
2024-01-31,ALM-NORTE,SKU-ALM-031,Almacenamiento,124,37,248.62
2024-01-31,ALM-NORTE,SKU-ALM-032,Redes,55,24,217.1
2024-01-31,ALM-NORTE,SKU-ALM-033,Hardware,154,30,191.61
2024-01-31,ALM-NORTE,SKU-ALM-034,Accesorios,65,35,65.56
2024-01-31,ALM-NORTE,SKU-ALM-035,Almacenamiento,153,44,101.78
2024-01-31,ALM-NORTE,SKU-ALM-036,Redes,74,60,243.98
2024-01-31,ALM-NORTE,SKU-ALM-037,Hardware,176,34,242.77
2024-01-31,ALM-NORTE,SKU-ALM-038,Accesorios,162,23,87.88
2024-01-31,ALM-NORTE,SKU-ALM-039,Almacenamiento,122,22,283.72
2024-01-31,ALM-NORTE,SKU-ALM-040,Redes,133,45,101.03
2024-01-31,ALM-NORTE,SKU-ALM-041,Hardware,113,33,320.47
2024-01-31,ALM-NORTE,SKU-ALM-042,Accesorios,179,56,307.96
2024-01-31,ALM-NORTE,SKU-ALM-043,Almacenamiento,90,40,82.29
2024-01-31,ALM-NORTE,SKU-ALM-044,Redes,119,51,144.51
2024-01-31,ALM-NORTE,SKU-ALM-045,Hardware,60,49,58.58
2024-01-31,ALM-NORTE,SKU-ALM-046,Accesorios,67,28,93.85
2024-01-31,ALM-NORTE,SKU-ALM-047,Almacenamiento,65,55,193.25
2024-01-31,ALM-NORTE,SKU-ALM-048,Redes,122,57,155.67
2024-01-31,ALM-NORTE,SKU-ALM-049,Hardware,101,57,145.8
2024-01-31,ALM-NORTE,SKU-ALM-050,Accesorios,158,34,349.09
2024-01-31,ALM-NORTE,SKU-ALM-051,Almacenamiento,189,28,183.24
2024-01-31,ALM-NORTE,SKU-ALM-052,Redes,172,25,266.97
2024-01-31,ALM-NORTE,SKU-ALM-053,Hardware,108,27,61.97
2024-01-31,ALM-NORTE,SKU-ALM-054,Accesorios,126,30,279.31
2024-01-31,ALM-NORTE,SKU-ALM-055,Almacenamiento,29,47,212.78
2024-01-31,ALM-NORTE,SKU-ALM-056,Redes,133,44,139.75
2024-01-31,ALM-NORTE,SKU-ALM-057,Hardware,125,49,189.9
2024-01-31,ALM-NORTE,SKU-ALM-058,Accesorios,36,55,302.67
2024-01-31,ALM-NORTE,SKU-ALM-059,Almacenamiento,132,20,241.3
2024-01-31,ALM-NORTE,SKU-ALM-060,Redes,90,27,241.78
2024-01-31,ALM-NORTE,SKU-ALM-061,Hardware,99,54,265.3
2024-01-31,ALM-NORTE,SKU-ALM-062,Accesorios,109,41,47.93
2024-01-31,ALM-NORTE,SKU-ALM-063,Almacenamiento,114,47,63.77
2024-01-31,ALM-NORTE,SKU-ALM-064,Redes,98,20,334.3
2024-01-31,ALM-NORTE,SKU-ALM-065,Hardware,184,36,340.44
2024-01-31,ALM-NORTE,SKU-ALM-066,Accesorios,91,31,182.61
2024-01-31,ALM-NORTE,SKU-ALM-067,Almacenamiento,187,26,305.98
2024-01-31,ALM-NORTE,SKU-ALM-068,Redes,1,39,296.17
2024-01-31,ALM-NORTE,SKU-ALM-069,Hardware,150,52,217.05
2024-01-31,ALM-NORTE,SKU-ALM-070,Accesorios,72,29,137.13
2024-01-31,ALM-NORTE,SKU-ALM-071,Almacenamiento,41,30,193.39
2024-01-31,ALM-NORTE,SKU-ALM-072,Redes,73,53,322.29
2024-01-31,ALM-NORTE,SKU-ALM-073,Hardware,115,58,120.21
2024-01-31,ALM-NORTE,SKU-ALM-074,Accesorios,150,21,48.04
2024-01-31,ALM-NORTE,SKU-ALM-075,Almacenamiento,180,43,308.77
2024-01-31,ALM-NORTE,SKU-ALM-076,Redes,85,39,91.41
2024-01-31,ALM-NORTE,SKU-ALM-077,Hardware,135,35,308.52
2024-01-31,ALM-NORTE,SKU-ALM-078,Accesorios,184,25,39.12
2024-01-31,ALM-NORTE,SKU-ALM-079,Almacenamiento,135,51,287.45
2024-01-31,ALM-NORTE,SKU-ALM-080,Redes,159,54,270.38
2024-01-31,ALM-NORTE,SKU-ALM-081,Hardware,6,28,234.32
2024-01-31,ALM-NORTE,SKU-ALM-082,Accesorios,57,55,66.14
2024-01-31,ALM-NORTE,SKU-ALM-083,Almacenamiento,80,53,306.63
2024-01-31,ALM-NORTE,SKU-ALM-084,Redes,82,47,337.88
2024-01-31,ALM-NORTE,SKU-ALM-085,Hardware,117,54,266.79
2024-01-31,ALM-NORTE,SKU-ALM-086,Accesorios,66,32,252.4
2024-01-31,ALM-NORTE,SKU-ALM-087,Almacenamiento,122,45,348.35
2024-01-31,ALM-NORTE,SKU-ALM-088,Redes,187,43,158.95
2024-01-31,ALM-NORTE,SKU-ALM-089,Hardware,110,53,163.51
2024-01-31,ALM-NORTE,SKU-ALM-090,Accesorios,113,35,86.4
2024-01-31,ALM-NORTE,SKU-ALM-091,Almacenamiento,151,41,17.15
2024-01-31,ALM-NORTE,SKU-ALM-092,Redes,172,55,88.24
2024-01-31,ALM-NORTE,SKU-ALM-093,Hardware,108,34,12.44
2024-01-31,ALM-NORTE,SKU-ALM-094,Accesorios,143,60,30.02
2024-01-31,ALM-NORTE,SKU-ALM-095,Almacenamiento,181,24,317.84
2024-01-31,ALM-NORTE,SKU-ALM-096,Redes,98,41,34.09
2024-01-31,ALM-NORTE,SKU-ALM-097,Hardware,104,35,104.68
2024-01-31,ALM-NORTE,SKU-ALM-098,Accesorios,148,51,82.84
2024-01-31,ALM-NORTE,SKU-ALM-099,Almacenamiento,109,28,255.94
2024-01-31,ALM-NORTE,SKU-ALM-100,Redes,120,56,205.91
2024-01-31,ALM-CENTRO,SKU-ALM-001,Hardware,95,35,276.77
2024-01-31,ALM-CENTRO,SKU-ALM-002,Accesorios,58,46,74.74
2024-01-31,ALM-CENTRO,SKU-ALM-003,Almacenamiento,51,26,234.05
2024-01-31,ALM-CENTRO,SKU-ALM-004,Redes,41,42,154.02
2024-01-31,ALM-CENTRO,SKU-ALM-005,Hardware,78,49,303.7
2024-01-31,ALM-CENTRO,SKU-ALM-006,Accesorios,52,23,238.94
2024-01-31,ALM-CENTRO,SKU-ALM-007,Almacenamiento,164,26,30.61
2024-01-31,ALM-CENTRO,SKU-ALM-008,Redes,58,41,282.2
2024-01-31,ALM-CENTRO,SKU-ALM-009,Hardware,94,26,94.54
2024-01-31,ALM-CENTRO,SKU-ALM-010,Accesorios,51,32,192.34
2024-01-31,ALM-CENTRO,SKU-ALM-011,Almacenamiento,168,28,153.44
2024-01-31,ALM-CENTRO,SKU-ALM-012,Redes,114,37,167.29
2024-01-31,ALM-CENTRO,SKU-ALM-013,Hardware,168,24,160.66
2024-01-31,ALM-CENTRO,SKU-ALM-014,Accesorios,130,55,43.29
2024-01-31,ALM-CENTRO,SKU-ALM-015,Almacenamiento,175,54,294.25
2024-01-31,ALM-CENTRO,SKU-ALM-016,Redes,91,25,324.96
2024-01-31,ALM-CENTRO,SKU-ALM-017,Hardware,15,35,66.55
2024-01-31,ALM-CENTRO,SKU-ALM-018,Accesorios,85,51,173.66
2024-01-31,ALM-CENTRO,SKU-ALM-019,Almacenamiento,74,45,316.83
2024-01-31,ALM-CENTRO,SKU-ALM-020,Redes,74,30,138.85
2024-01-31,ALM-CENTRO,SKU-ALM-021,Hardware,137,44,100.17
2024-01-31,ALM-CENTRO,SKU-ALM-022,Accesorios,76,49,106.98
2024-01-31,ALM-CENTRO,SKU-ALM-023,Almacenamiento,76,55,235.04
2024-01-31,ALM-CENTRO,SKU-ALM-024,Redes,0,51,62.63
2024-01-31,ALM-CENTRO,SKU-ALM-025,Hardware,156,38,84.02
2024-01-31,ALM-CENTRO,SKU-ALM-026,Accesorios,72,23,206.92
2024-01-31,ALM-CENTRO,SKU-ALM-027,Almacenamiento,76,54,30.73
2024-01-31,ALM-CENTRO,SKU-ALM-028,Redes,22,40,29.44
2024-01-31,ALM-CENTRO,SKU-ALM-029,Hardware,42,57,172.11
2024-01-31,ALM-CENTRO,SKU-ALM-030,Accesorios,175,53,63.53
2024-01-31,ALM-CENTRO,SKU-ALM-031,Almacenamiento,89,52,37.24
2024-01-31,ALM-CENTRO,SKU-ALM-032,Redes,63,31,33.3
2024-01-31,ALM-CENTRO,SKU-ALM-033,Hardware,158,24,239.57
2024-01-31,ALM-CENTRO,SKU-ALM-034,Accesorios,169,35,147.28
2024-01-31,ALM-CENTRO,SKU-ALM-035,Almacenamiento,37,56,93.71
2024-01-31,ALM-CENTRO,SKU-ALM-036,Redes,47,58,23.51
2024-01-31,ALM-CENTRO,SKU-ALM-037,Hardware,179,25,152.54
2024-01-31,ALM-CENTRO,SKU-ALM-038,Accesorios,116,57,202.18
2024-01-31,ALM-CENTRO,SKU-ALM-039,Almacenamiento,144,40,327.8
2024-01-31,ALM-CENTRO,SKU-ALM-040,Redes,136,33,237.71
2024-01-31,ALM-CENTRO,SKU-ALM-041,Hardware,122,40,91.15
2024-01-31,ALM-CENTRO,SKU-ALM-042,Accesorios,117,45,54.5
2024-01-31,ALM-CENTRO,SKU-ALM-043,Almacenamiento,82,39,165.46
2024-01-31,ALM-CENTRO,SKU-ALM-044,Redes,51,24,13.17
2024-01-31,ALM-CENTRO,SKU-ALM-045,Hardware,85,59,349.47
2024-01-31,ALM-CENTRO,SKU-ALM-046,Accesorios,167,26,34.91
2024-01-31,ALM-CENTRO,SKU-ALM-047,Almacenamiento,53,33,182.0
2024-01-31,ALM-CENTRO,SKU-ALM-048,Redes,8,28,327.31
2024-01-31,ALM-CENTRO,SKU-ALM-049,Hardware,131,24,308.95
2024-01-31,ALM-CENTRO,SKU-ALM-050,Accesorios,119,43,106.9
2024-01-31,ALM-CENTRO,SKU-ALM-051,Almacenamiento,23,48,293.47
2024-01-31,ALM-CENTRO,SKU-ALM-052,Redes,177,39,217.97
2024-01-31,ALM-CENTRO,SKU-ALM-053,Hardware,194,53,12.66
2024-01-31,ALM-CENTRO,SKU-ALM-054,Accesorios,21,55,111.79
2024-01-31,ALM-CENTRO,SKU-ALM-055,Almacenamiento,42,26,329.24
2024-01-31,ALM-CENTRO,SKU-ALM-056,Redes,75,28,99.92
2024-01-31,ALM-CENTRO,SKU-ALM-057,Hardware,139,26,262.42
2024-01-31,ALM-CENTRO,SKU-ALM-058,Accesorios,94,29,102.6
2024-01-31,ALM-CENTRO,SKU-ALM-059,Almacenamiento,17,58,81.61
2024-01-31,ALM-CENTRO,SKU-ALM-060,Redes,101,41,79.22
2024-01-31,ALM-CENTRO,SKU-ALM-061,Hardware,60,60,299.99
2024-01-31,ALM-CENTRO,SKU-ALM-062,Accesorios,177,52,176.1
2024-01-31,ALM-CENTRO,SKU-ALM-063,Almacenamiento,151,23,41.38
2024-01-31,ALM-CENTRO,SKU-ALM-064,Redes,151,47,291.98
2024-01-31,ALM-CENTRO,SKU-ALM-065,Hardware,170,22,11.21
2024-01-31,ALM-CENTRO,SKU-ALM-066,Accesorios,158,28,226.62
2024-01-31,ALM-CENTRO,SKU-ALM-067,Almacenamiento,91,36,64.94
2024-01-31,ALM-CENTRO,SKU-ALM-068,Redes,142,48,197.57
2024-01-31,ALM-CENTRO,SKU-ALM-069,Hardware,88,47,200.71
2024-01-31,ALM-CENTRO,SKU-ALM-070,Accesorios,107,27,35.58
2024-01-31,ALM-CENTRO,SKU-ALM-071,Almacenamiento,123,29,195.5
2024-01-31,ALM-CENTRO,SKU-ALM-072,Redes,116,43,208.05
2024-01-31,ALM-CENTRO,SKU-ALM-073,Hardware,143,29,156.13
2024-01-31,ALM-CENTRO,SKU-ALM-074,Accesorios,117,22,114.81
2024-01-31,ALM-CENTRO,SKU-ALM-075,Almacenamiento,90,22,315.63
2024-01-31,ALM-CENTRO,SKU-ALM-076,Redes,158,33,241.9
2024-01-31,ALM-CENTRO,SKU-ALM-077,Hardware,175,26,130.25
2024-01-31,ALM-CENTRO,SKU-ALM-078,Accesorios,14,55,310.61
2024-01-31,ALM-CENTRO,SKU-ALM-079,Almacenamiento,161,46,341.1
2024-01-31,ALM-CENTRO,SKU-ALM-080,Redes,48,29,324.76
2024-01-31,ALM-CENTRO,SKU-ALM-081,Hardware,69,35,303.97
2024-01-31,ALM-CENTRO,SKU-ALM-082,Accesorios,186,31,309.68
2024-01-31,ALM-CENTRO,SKU-ALM-083,Almacenamiento,87,21,70.98
2024-01-31,ALM-CENTRO,SKU-ALM-084,Redes,107,41,276.01
2024-01-31,ALM-CENTRO,SKU-ALM-085,Hardware,21,46,282.76
2024-01-31,ALM-CENTRO,SKU-ALM-086,Accesorios,40,35,100.71
2024-01-31,ALM-CENTRO,SKU-ALM-087,Almacenamiento,62,26,140.06
2024-01-31,ALM-CENTRO,SKU-ALM-088,Redes,39,22,301.92
2024-01-31,ALM-CENTRO,SKU-ALM-089,Hardware,170,34,77.85
2024-01-31,ALM-CENTRO,SKU-ALM-090,Accesorios,64,49,128.88
2024-01-31,ALM-CENTRO,SKU-ALM-091,Almacenamiento,54,34,85.79
2024-01-31,ALM-CENTRO,SKU-ALM-092,Redes,29,32,145.48
2024-01-31,ALM-CENTRO,SKU-ALM-093,Hardware,137,37,303.88
2024-01-31,ALM-CENTRO,SKU-ALM-094,Accesorios,120,37,129.39
2024-01-31,ALM-CENTRO,SKU-ALM-095,Almacenamiento,173,52,145.89
2024-01-31,ALM-CENTRO,SKU-ALM-096,Redes,147,54,122.59
2024-01-31,ALM-CENTRO,SKU-ALM-097,Hardware,73,21,49.22
2024-01-31,ALM-CENTRO,SKU-ALM-098,Accesorios,12,36,70.71
2024-01-31,ALM-CENTRO,SKU-ALM-099,Almacenamiento,78,36,23.01
2024-01-31,ALM-CENTRO,SKU-ALM-100,Redes,103,58,157.75
2024-01-31,ALM-SUR,SKU-ALM-001,Hardware,78,40,158.37
2024-01-31,ALM-SUR,SKU-ALM-002,Accesorios,135,52,49.32
2024-01-31,ALM-SUR,SKU-ALM-003,Almacenamiento,24,56,74.63
2024-01-31,ALM-SUR,SKU-ALM-004,Redes,91,22,250.99
2024-01-31,ALM-SUR,SKU-ALM-005,Hardware,57,20,186.77
2024-01-31,ALM-SUR,SKU-ALM-006,Accesorios,201,54,243.53
2024-01-31,ALM-SUR,SKU-ALM-007,Almacenamiento,169,32,133.84
2024-01-31,ALM-SUR,SKU-ALM-008,Redes,58,24,332.62
2024-01-31,ALM-SUR,SKU-ALM-009,Hardware,141,41,221.87
2024-01-31,ALM-SUR,SKU-ALM-010,Accesorios,53,27,254.72
2024-01-31,ALM-SUR,SKU-ALM-011,Almacenamiento,139,39,182.42
2024-01-31,ALM-SUR,SKU-ALM-012,Redes,51,46,120.9
2024-01-31,ALM-SUR,SKU-ALM-013,Hardware,183,38,198.5
2024-01-31,ALM-SUR,SKU-ALM-014,Accesorios,50,32,152.95
2024-01-31,ALM-SUR,SKU-ALM-015,Almacenamiento,95,44,240.29
2024-01-31,ALM-SUR,SKU-ALM-016,Redes,45,31,219.28
2024-01-31,ALM-SUR,SKU-ALM-017,Hardware,48,39,148.07
2024-01-31,ALM-SUR,SKU-ALM-018,Accesorios,32,20,113.32
2024-01-31,ALM-SUR,SKU-ALM-019,Almacenamiento,76,33,156.16
2024-01-31,ALM-SUR,SKU-ALM-020,Redes,84,57,216.26
2024-01-31,ALM-SUR,SKU-ALM-021,Hardware,171,40,168.1
2024-01-31,ALM-SUR,SKU-ALM-022,Accesorios,189,48,239.71
2024-01-31,ALM-SUR,SKU-ALM-023,Almacenamiento,82,52,170.88
2024-01-31,ALM-SUR,SKU-ALM-024,Redes,114,30,234.01
2024-01-31,ALM-SUR,SKU-ALM-025,Hardware,45,38,185.25
2024-01-31,ALM-SUR,SKU-ALM-026,Accesorios,163,60,220.55
2024-01-31,ALM-SUR,SKU-ALM-027,Almacenamiento,97,25,288.26
2024-01-31,ALM-SUR,SKU-ALM-028,Redes,99,35,238.75
2024-01-31,ALM-SUR,SKU-ALM-029,Hardware,74,34,284.23
2024-01-31,ALM-SUR,SKU-ALM-030,Accesorios,142,29,18.3
2024-01-31,ALM-SUR,SKU-ALM-031,Almacenamiento,164,35,344.54
2024-01-31,ALM-SUR,SKU-ALM-032,Redes,138,59,298.91
2024-01-31,ALM-SUR,SKU-ALM-033,Hardware,138,24,164.84
2024-01-31,ALM-SUR,SKU-ALM-034,Accesorios,28,60,205.73
2024-01-31,ALM-SUR,SKU-ALM-035,Almacenamiento,187,44,178.09
2024-01-31,ALM-SUR,SKU-ALM-036,Redes,18,35,60.17
2024-01-31,ALM-SUR,SKU-ALM-037,Hardware,101,20,313.5
2024-01-31,ALM-SUR,SKU-ALM-038,Accesorios,125,26,274.66
2024-01-31,ALM-SUR,SKU-ALM-039,Almacenamiento,186,34,69.8
2024-01-31,ALM-SUR,SKU-ALM-040,Redes,79,53,167.95
2024-01-31,ALM-SUR,SKU-ALM-041,Hardware,13,55,94.73
2024-01-31,ALM-SUR,SKU-ALM-042,Accesorios,13,27,165.2
2024-01-31,ALM-SUR,SKU-ALM-043,Almacenamiento,84,49,236.98
2024-01-31,ALM-SUR,SKU-ALM-044,Redes,192,55,212.45
2024-01-31,ALM-SUR,SKU-ALM-045,Hardware,183,48,218.3
2024-01-31,ALM-SUR,SKU-ALM-046,Accesorios,44,52,155.09
2024-01-31,ALM-SUR,SKU-ALM-047,Almacenamiento,105,55,161.61
2024-01-31,ALM-SUR,SKU-ALM-048,Redes,140,30,262.84
2024-01-31,ALM-SUR,SKU-ALM-049,Hardware,38,50,163.02
2024-01-31,ALM-SUR,SKU-ALM-050,Accesorios,81,35,295.55
2024-01-31,ALM-SUR,SKU-ALM-051,Almacenamiento,141,37,270.38
2024-01-31,ALM-SUR,SKU-ALM-052,Redes,175,53,174.76
2024-01-31,ALM-SUR,SKU-ALM-053,Hardware,121,35,103.36
2024-01-31,ALM-SUR,SKU-ALM-054,Accesorios,110,24,252.61
2024-01-31,ALM-SUR,SKU-ALM-055,Almacenamiento,87,35,102.38
2024-01-31,ALM-SUR,SKU-ALM-056,Redes,153,40,313.63
2024-01-31,ALM-SUR,SKU-ALM-057,Hardware,139,25,57.05
2024-01-31,ALM-SUR,SKU-ALM-058,Accesorios,203,34,140.23
2024-01-31,ALM-SUR,SKU-ALM-059,Almacenamiento,137,29,250.18
2024-01-31,ALM-SUR,SKU-ALM-060,Redes,27,24,151.06
2024-01-31,ALM-SUR,SKU-ALM-061,Hardware,150,41,194.49
2024-01-31,ALM-SUR,SKU-ALM-062,Accesorios,91,46,31.17
2024-01-31,ALM-SUR,SKU-ALM-063,Almacenamiento,133,46,142.42
2024-01-31,ALM-SUR,SKU-ALM-064,Redes,91,57,331.66
2024-01-31,ALM-SUR,SKU-ALM-065,Hardware,115,21,301.29
2024-01-31,ALM-SUR,SKU-ALM-066,Accesorios,64,56,139.33
2024-01-31,ALM-SUR,SKU-ALM-067,Almacenamiento,77,20,330.53
2024-01-31,ALM-SUR,SKU-ALM-068,Redes,123,39,266.18
2024-01-31,ALM-SUR,SKU-ALM-069,Hardware,137,46,192.99
2024-01-31,ALM-SUR,SKU-ALM-070,Accesorios,159,54,281.96
2024-01-31,ALM-SUR,SKU-ALM-071,Almacenamiento,116,34,176.0
2024-01-31,ALM-SUR,SKU-ALM-072,Redes,100,37,158.18
2024-01-31,ALM-SUR,SKU-ALM-073,Hardware,170,21,142.21
2024-01-31,ALM-SUR,SKU-ALM-074,Accesorios,5,45,256.22
2024-01-31,ALM-SUR,SKU-ALM-075,Almacenamiento,146,49,322.64
2024-01-31,ALM-SUR,SKU-ALM-076,Redes,53,59,191.6
2024-01-31,ALM-SUR,SKU-ALM-077,Hardware,72,45,211.24
2024-01-31,ALM-SUR,SKU-ALM-078,Accesorios,73,21,38.54
2024-01-31,ALM-SUR,SKU-ALM-079,Almacenamiento,122,47,56.14
2024-01-31,ALM-SUR,SKU-ALM-080,Redes,47,49,71.79
2024-01-31,ALM-SUR,SKU-ALM-081,Hardware,95,36,138.9
2024-01-31,ALM-SUR,SKU-ALM-082,Accesorios,158,33,164.6
2024-01-31,ALM-SUR,SKU-ALM-083,Almacenamiento,13,41,268.82
2024-01-31,ALM-SUR,SKU-ALM-084,Redes,174,44,104.61
2024-01-31,ALM-SUR,SKU-ALM-085,Hardware,116,46,95.77
2024-01-31,ALM-SUR,SKU-ALM-086,Accesorios,100,25,169.9
2024-01-31,ALM-SUR,SKU-ALM-087,Almacenamiento,21,54,27.71
2024-01-31,ALM-SUR,SKU-ALM-088,Redes,58,42,86.24
2024-01-31,ALM-SUR,SKU-ALM-089,Hardware,169,24,275.62
2024-01-31,ALM-SUR,SKU-ALM-090,Accesorios,108,22,266.44
2024-01-31,ALM-SUR,SKU-ALM-091,Almacenamiento,160,35,77.78
2024-01-31,ALM-SUR,SKU-ALM-092,Redes,129,21,221.25
2024-01-31,ALM-SUR,SKU-ALM-093,Hardware,158,35,52.92
2024-01-31,ALM-SUR,SKU-ALM-094,Accesorios,153,27,201.75
2024-01-31,ALM-SUR,SKU-ALM-095,Almacenamiento,37,33,168.11
2024-01-31,ALM-SUR,SKU-ALM-096,Redes,65,36,270.75
2024-01-31,ALM-SUR,SKU-ALM-097,Hardware,91,30,216.0
2024-01-31,ALM-SUR,SKU-ALM-098,Accesorios,162,27,274.45
2024-01-31,ALM-SUR,SKU-ALM-099,Almacenamiento,40,30,338.01
2024-01-31,ALM-SUR,SKU-ALM-100,Redes,116,26,206.75
2024-02-29,ALM-NORTE,SKU-ALM-001,Hardware,82,60,47.85
2024-02-29,ALM-NORTE,SKU-ALM-002,Accesorios,172,37,93.26
2024-02-29,ALM-NORTE,SKU-ALM-003,Almacenamiento,144,28,260.4
2024-02-29,ALM-NORTE,SKU-ALM-004,Redes,103,54,39.56
2024-02-29,ALM-NORTE,SKU-ALM-005,Hardware,67,47,20.81
2024-02-29,ALM-NORTE,SKU-ALM-006,Accesorios,42,25,84.34
2024-02-29,ALM-NORTE,SKU-ALM-007,Almacenamiento,201,52,214.69
2024-02-29,ALM-NORTE,SKU-ALM-008,Redes,231,55,77.6
2024-02-29,ALM-NORTE,SKU-ALM-009,Hardware,63,54,152.64
2024-02-29,ALM-NORTE,SKU-ALM-010,Accesorios,87,48,210.35
2024-02-29,ALM-NORTE,SKU-ALM-011,Almacenamiento,59,20,267.99
2024-02-29,ALM-NORTE,SKU-ALM-012,Redes,166,30,247.37
2024-02-29,ALM-NORTE,SKU-ALM-013,Hardware,34,41,104.48
2024-02-29,ALM-NORTE,SKU-ALM-014,Accesorios,118,33,335.45
2024-02-29,ALM-NORTE,SKU-ALM-015,Almacenamiento,58,41,44.75
2024-02-29,ALM-NORTE,SKU-ALM-016,Redes,93,44,42.88
2024-02-29,ALM-NORTE,SKU-ALM-017,Hardware,161,42,215.27
2024-02-29,ALM-NORTE,SKU-ALM-018,Accesorios,131,22,258.11
2024-02-29,ALM-NORTE,SKU-ALM-019,Almacenamiento,158,54,52.44
2024-02-29,ALM-NORTE,SKU-ALM-020,Redes,32,44,36.79
2024-02-29,ALM-NORTE,SKU-ALM-021,Hardware,148,38,292.0
2024-02-29,ALM-NORTE,SKU-ALM-022,Accesorios,191,59,311.05
2024-02-29,ALM-NORTE,SKU-ALM-023,Almacenamiento,144,43,206.3
2024-02-29,ALM-NORTE,SKU-ALM-024,Redes,56,24,25.58
2024-02-29,ALM-NORTE,SKU-ALM-025,Hardware,104,34,272.84
2024-02-29,ALM-NORTE,SKU-ALM-026,Accesorios,126,25,300.81
2024-02-29,ALM-NORTE,SKU-ALM-027,Almacenamiento,87,26,139.24
2024-02-29,ALM-NORTE,SKU-ALM-028,Redes,118,49,226.13
2024-02-29,ALM-NORTE,SKU-ALM-029,Hardware,89,43,65.3
2024-02-29,ALM-NORTE,SKU-ALM-030,Accesorios,188,42,81.23
2024-02-29,ALM-NORTE,SKU-ALM-031,Almacenamiento,133,37,248.62
2024-02-29,ALM-NORTE,SKU-ALM-032,Redes,37,24,217.1
2024-02-29,ALM-NORTE,SKU-ALM-033,Hardware,158,30,191.61
2024-02-29,ALM-NORTE,SKU-ALM-034,Accesorios,63,35,65.56
2024-02-29,ALM-NORTE,SKU-ALM-035,Almacenamiento,171,44,101.78
2024-02-29,ALM-NORTE,SKU-ALM-036,Redes,96,60,243.98
2024-02-29,ALM-NORTE,SKU-ALM-037,Hardware,194,34,242.77
2024-02-29,ALM-NORTE,SKU-ALM-038,Accesorios,153,23,87.88
2024-02-29,ALM-NORTE,SKU-ALM-039,Almacenamiento,134,22,283.72
2024-02-29,ALM-NORTE,SKU-ALM-040,Redes,132,45,101.03
2024-02-29,ALM-NORTE,SKU-ALM-041,Hardware,140,33,320.47
2024-02-29,ALM-NORTE,SKU-ALM-042,Accesorios,194,56,307.96
2024-02-29,ALM-NORTE,SKU-ALM-043,Almacenamiento,88,40,82.29
2024-02-29,ALM-NORTE,SKU-ALM-044,Redes,100,51,144.51
2024-02-29,ALM-NORTE,SKU-ALM-045,Hardware,78,49,58.58
2024-02-29,ALM-NORTE,SKU-ALM-046,Accesorios,56,28,93.85
2024-02-29,ALM-NORTE,SKU-ALM-047,Almacenamiento,70,55,193.25
2024-02-29,ALM-NORTE,SKU-ALM-048,Redes,98,57,155.67
2024-02-29,ALM-NORTE,SKU-ALM-049,Hardware,115,57,145.8
2024-02-29,ALM-NORTE,SKU-ALM-050,Accesorios,168,34,349.09
2024-02-29,ALM-NORTE,SKU-ALM-051,Almacenamiento,184,28,183.24
2024-02-29,ALM-NORTE,SKU-ALM-052,Redes,186,25,266.97
2024-02-29,ALM-NORTE,SKU-ALM-053,Hardware,97,27,61.97
2024-02-29,ALM-NORTE,SKU-ALM-054,Accesorios,142,30,279.31
2024-02-29,ALM-NORTE,SKU-ALM-055,Almacenamiento,8,47,212.78
2024-02-29,ALM-NORTE,SKU-ALM-056,Redes,148,44,139.75
2024-02-29,ALM-NORTE,SKU-ALM-057,Hardware,152,49,189.9
2024-02-29,ALM-NORTE,SKU-ALM-058,Accesorios,40,55,302.67
2024-02-29,ALM-NORTE,SKU-ALM-059,Almacenamiento,151,20,241.3
2024-02-29,ALM-NORTE,SKU-ALM-060,Redes,84,27,241.78
2024-02-29,ALM-NORTE,SKU-ALM-061,Hardware,115,54,265.3
2024-02-29,ALM-NORTE,SKU-ALM-062,Accesorios,110,41,47.93
2024-02-29,ALM-NORTE,SKU-ALM-063,Almacenamiento,96,47,63.77
2024-02-29,ALM-NORTE,SKU-ALM-064,Redes,81,20,334.3
2024-02-29,ALM-NORTE,SKU-ALM-065,Hardware,161,36,340.44
2024-02-29,ALM-NORTE,SKU-ALM-066,Accesorios,68,31,182.61
2024-02-29,ALM-NORTE,SKU-ALM-067,Almacenamiento,181,26,305.98
2024-02-29,ALM-NORTE,SKU-ALM-068,Redes,7,39,296.17
2024-02-29,ALM-NORTE,SKU-ALM-069,Hardware,132,52,217.05
2024-02-29,ALM-NORTE,SKU-ALM-070,Accesorios,53,29,137.13
2024-02-29,ALM-NORTE,SKU-ALM-071,Almacenamiento,31,30,193.39
2024-02-29,ALM-NORTE,SKU-ALM-072,Redes,82,53,322.29
2024-02-29,ALM-NORTE,SKU-ALM-073,Hardware,98,58,120.21
2024-02-29,ALM-NORTE,SKU-ALM-074,Accesorios,149,21,48.04
2024-02-29,ALM-NORTE,SKU-ALM-075,Almacenamiento,184,43,308.77
2024-02-29,ALM-NORTE,SKU-ALM-076,Redes,83,39,91.41
2024-02-29,ALM-NORTE,SKU-ALM-077,Hardware,152,35,308.52
2024-02-29,ALM-NORTE,SKU-ALM-078,Accesorios,206,25,39.12
2024-02-29,ALM-NORTE,SKU-ALM-079,Almacenamiento,154,51,287.45
2024-02-29,ALM-NORTE,SKU-ALM-080,Redes,168,54,270.38
2024-02-29,ALM-NORTE,SKU-ALM-081,Hardware,7,28,234.32
2024-02-29,ALM-NORTE,SKU-ALM-082,Accesorios,69,55,66.14
2024-02-29,ALM-NORTE,SKU-ALM-083,Almacenamiento,102,53,306.63
2024-02-29,ALM-NORTE,SKU-ALM-084,Redes,103,47,337.88
2024-02-29,ALM-NORTE,SKU-ALM-085,Hardware,101,54,266.79
2024-02-29,ALM-NORTE,SKU-ALM-086,Accesorios,67,32,252.4
2024-02-29,ALM-NORTE,SKU-ALM-087,Almacenamiento,138,45,348.35
2024-02-29,ALM-NORTE,SKU-ALM-088,Redes,168,43,158.95
2024-02-29,ALM-NORTE,SKU-ALM-089,Hardware,138,53,163.51
2024-02-29,ALM-NORTE,SKU-ALM-090,Accesorios,119,35,86.4
2024-02-29,ALM-NORTE,SKU-ALM-091,Almacenamiento,165,41,17.15
2024-02-29,ALM-NORTE,SKU-ALM-092,Redes,173,55,88.24
2024-02-29,ALM-NORTE,SKU-ALM-093,Hardware,100,34,12.44
2024-02-29,ALM-NORTE,SKU-ALM-094,Accesorios,120,60,30.02
2024-02-29,ALM-NORTE,SKU-ALM-095,Almacenamiento,200,24,317.84
2024-02-29,ALM-NORTE,SKU-ALM-096,Redes,96,41,34.09
2024-02-29,ALM-NORTE,SKU-ALM-097,Hardware,92,35,104.68
2024-02-29,ALM-NORTE,SKU-ALM-098,Accesorios,151,51,82.84
2024-02-29,ALM-NORTE,SKU-ALM-099,Almacenamiento,112,28,255.94
2024-02-29,ALM-NORTE,SKU-ALM-100,Redes,110,56,205.91
2024-02-29,ALM-CENTRO,SKU-ALM-001,Hardware,124,35,276.77
2024-02-29,ALM-CENTRO,SKU-ALM-002,Accesorios,56,46,74.74
2024-02-29,ALM-CENTRO,SKU-ALM-003,Almacenamiento,32,26,234.05
2024-02-29,ALM-CENTRO,SKU-ALM-004,Redes,59,42,154.02
2024-02-29,ALM-CENTRO,SKU-ALM-005,Hardware,76,49,303.7
2024-02-29,ALM-CENTRO,SKU-ALM-006,Accesorios,61,23,238.94
2024-02-29,ALM-CENTRO,SKU-ALM-007,Almacenamiento,180,26,30.61
2024-02-29,ALM-CENTRO,SKU-ALM-008,Redes,55,41,282.2
2024-02-29,ALM-CENTRO,SKU-ALM-009,Hardware,72,26,94.54
2024-02-29,ALM-CENTRO,SKU-ALM-010,Accesorios,51,32,192.34
2024-02-29,ALM-CENTRO,SKU-ALM-011,Almacenamiento,160,28,153.44
2024-02-29,ALM-CENTRO,SKU-ALM-012,Redes,101,37,167.29
2024-02-29,ALM-CENTRO,SKU-ALM-013,Hardware,150,24,160.66
2024-02-29,ALM-CENTRO,SKU-ALM-014,Accesorios,159,55,43.29
2024-02-29,ALM-CENTRO,SKU-ALM-015,Almacenamiento,202,54,294.25
2024-02-29,ALM-CENTRO,SKU-ALM-016,Redes,95,25,324.96
2024-02-29,ALM-CENTRO,SKU-ALM-017,Hardware,0,35,66.55
2024-02-29,ALM-CENTRO,SKU-ALM-018,Accesorios,102,51,173.66
2024-02-29,ALM-CENTRO,SKU-ALM-019,Almacenamiento,62,45,316.83
2024-02-29,ALM-CENTRO,SKU-ALM-020,Redes,90,30,138.85
2024-02-29,ALM-CENTRO,SKU-ALM-021,Hardware,152,44,100.17
2024-02-29,ALM-CENTRO,SKU-ALM-022,Accesorios,89,49,106.98
2024-02-29,ALM-CENTRO,SKU-ALM-023,Almacenamiento,52,55,235.04
2024-02-29,ALM-CENTRO,SKU-ALM-024,Redes,0,51,62.63
2024-02-29,ALM-CENTRO,SKU-ALM-025,Hardware,181,38,84.02
2024-02-29,ALM-CENTRO,SKU-ALM-026,Accesorios,68,23,206.92
2024-02-29,ALM-CENTRO,SKU-ALM-027,Almacenamiento,66,54,30.73
2024-02-29,ALM-CENTRO,SKU-ALM-028,Redes,5,40,29.44
2024-02-29,ALM-CENTRO,SKU-ALM-029,Hardware,67,57,172.11
2024-02-29,ALM-CENTRO,SKU-ALM-030,Accesorios,186,53,63.53
2024-02-29,ALM-CENTRO,SKU-ALM-031,Almacenamiento,77,52,37.24
2024-02-29,ALM-CENTRO,SKU-ALM-032,Redes,42,31,33.3
2024-02-29,ALM-CENTRO,SKU-ALM-033,Hardware,186,24,239.57
2024-02-29,ALM-CENTRO,SKU-ALM-034,Accesorios,192,35,147.28
2024-02-29,ALM-CENTRO,SKU-ALM-035,Almacenamiento,47,56,93.71
2024-02-29,ALM-CENTRO,SKU-ALM-036,Redes,35,58,23.51
2024-02-29,ALM-CENTRO,SKU-ALM-037,Hardware,191,25,152.54
2024-02-29,ALM-CENTRO,SKU-ALM-038,Accesorios,104,57,202.18
2024-02-29,ALM-CENTRO,SKU-ALM-039,Almacenamiento,171,40,327.8
2024-02-29,ALM-CENTRO,SKU-ALM-040,Redes,166,33,237.71
2024-02-29,ALM-CENTRO,SKU-ALM-041,Hardware,111,40,91.15
2024-02-29,ALM-CENTRO,SKU-ALM-042,Accesorios,113,45,54.5
2024-02-29,ALM-CENTRO,SKU-ALM-043,Almacenamiento,106,39,165.46
2024-02-29,ALM-CENTRO,SKU-ALM-044,Redes,35,24,13.17
2024-02-29,ALM-CENTRO,SKU-ALM-045,Hardware,110,59,349.47
2024-02-29,ALM-CENTRO,SKU-ALM-046,Accesorios,180,26,34.91
2024-02-29,ALM-CENTRO,SKU-ALM-047,Almacenamiento,28,33,182.0
2024-02-29,ALM-CENTRO,SKU-ALM-048,Redes,0,28,327.31
2024-02-29,ALM-CENTRO,SKU-ALM-049,Hardware,160,24,308.95
2024-02-29,ALM-CENTRO,SKU-ALM-050,Accesorios,103,43,106.9
2024-02-29,ALM-CENTRO,SKU-ALM-051,Almacenamiento,6,48,293.47
2024-02-29,ALM-CENTRO,SKU-ALM-052,Redes,186,39,217.97
2024-02-29,ALM-CENTRO,SKU-ALM-053,Hardware,185,53,12.66
2024-02-29,ALM-CENTRO,SKU-ALM-054,Accesorios,47,55,111.79
2024-02-29,ALM-CENTRO,SKU-ALM-055,Almacenamiento,28,26,329.24
2024-02-29,ALM-CENTRO,SKU-ALM-056,Redes,57,28,99.92
2024-02-29,ALM-CENTRO,SKU-ALM-057,Hardware,156,26,262.42
2024-02-29,ALM-CENTRO,SKU-ALM-058,Accesorios,124,29,102.6
2024-02-29,ALM-CENTRO,SKU-ALM-059,Almacenamiento,0,58,81.61
2024-02-29,ALM-CENTRO,SKU-ALM-060,Redes,84,41,79.22
2024-02-29,ALM-CENTRO,SKU-ALM-061,Hardware,35,60,299.99
2024-02-29,ALM-CENTRO,SKU-ALM-062,Accesorios,174,52,176.1
2024-02-29,ALM-CENTRO,SKU-ALM-063,Almacenamiento,176,23,41.38
2024-02-29,ALM-CENTRO,SKU-ALM-064,Redes,176,47,291.98
2024-02-29,ALM-CENTRO,SKU-ALM-065,Hardware,160,22,11.21
2024-02-29,ALM-CENTRO,SKU-ALM-066,Accesorios,170,28,226.62
2024-02-29,ALM-CENTRO,SKU-ALM-067,Almacenamiento,86,36,64.94
2024-02-29,ALM-CENTRO,SKU-ALM-068,Redes,118,48,197.57
2024-02-29,ALM-CENTRO,SKU-ALM-069,Hardware,74,47,200.71
2024-02-29,ALM-CENTRO,SKU-ALM-070,Accesorios,98,27,35.58
2024-02-29,ALM-CENTRO,SKU-ALM-071,Almacenamiento,101,29,195.5
2024-02-29,ALM-CENTRO,SKU-ALM-072,Redes,99,43,208.05
2024-02-29,ALM-CENTRO,SKU-ALM-073,Hardware,165,29,156.13
2024-02-29,ALM-CENTRO,SKU-ALM-074,Accesorios,118,22,114.81
2024-02-29,ALM-CENTRO,SKU-ALM-075,Almacenamiento,98,22,315.63
2024-02-29,ALM-CENTRO,SKU-ALM-076,Redes,140,33,241.9
2024-02-29,ALM-CENTRO,SKU-ALM-077,Hardware,197,26,130.25
2024-02-29,ALM-CENTRO,SKU-ALM-078,Accesorios,0,55,310.61
2024-02-29,ALM-CENTRO,SKU-ALM-079,Almacenamiento,166,46,341.1
2024-02-29,ALM-CENTRO,SKU-ALM-080,Redes,51,29,324.76
2024-02-29,ALM-CENTRO,SKU-ALM-081,Hardware,93,35,303.97
2024-02-29,ALM-CENTRO,SKU-ALM-082,Accesorios,184,31,309.68
2024-02-29,ALM-CENTRO,SKU-ALM-083,Almacenamiento,94,21,70.98
2024-02-29,ALM-CENTRO,SKU-ALM-084,Redes,119,41,276.01
2024-02-29,ALM-CENTRO,SKU-ALM-085,Hardware,2,46,282.76
2024-02-29,ALM-CENTRO,SKU-ALM-086,Accesorios,43,35,100.71
2024-02-29,ALM-CENTRO,SKU-ALM-087,Almacenamiento,69,26,140.06
2024-02-29,ALM-CENTRO,SKU-ALM-088,Redes,28,22,301.92
2024-02-29,ALM-CENTRO,SKU-ALM-089,Hardware,184,34,77.85
2024-02-29,ALM-CENTRO,SKU-ALM-090,Accesorios,41,49,128.88
2024-02-29,ALM-CENTRO,SKU-ALM-091,Almacenamiento,75,34,85.79
2024-02-29,ALM-CENTRO,SKU-ALM-092,Redes,54,32,145.48
2024-02-29,ALM-CENTRO,SKU-ALM-093,Hardware,167,37,303.88
2024-02-29,ALM-CENTRO,SKU-ALM-094,Accesorios,137,37,129.39
2024-02-29,ALM-CENTRO,SKU-ALM-095,Almacenamiento,181,52,145.89
2024-02-29,ALM-CENTRO,SKU-ALM-096,Redes,141,54,122.59
2024-02-29,ALM-CENTRO,SKU-ALM-097,Hardware,77,21,49.22
2024-02-29,ALM-CENTRO,SKU-ALM-098,Accesorios,28,36,70.71
2024-02-29,ALM-CENTRO,SKU-ALM-099,Almacenamiento,54,36,23.01
2024-02-29,ALM-CENTRO,SKU-ALM-100,Redes,81,58,157.75
2024-02-29,ALM-SUR,SKU-ALM-001,Hardware,83,40,158.37
2024-02-29,ALM-SUR,SKU-ALM-002,Accesorios,164,52,49.32
2024-02-29,ALM-SUR,SKU-ALM-003,Almacenamiento,24,56,74.63
2024-02-29,ALM-SUR,SKU-ALM-004,Redes,93,22,250.99
2024-02-29,ALM-SUR,SKU-ALM-005,Hardware,75,20,186.77
2024-02-29,ALM-SUR,SKU-ALM-006,Accesorios,182,54,243.53
2024-02-29,ALM-SUR,SKU-ALM-007,Almacenamiento,175,32,133.84
2024-02-29,ALM-SUR,SKU-ALM-008,Redes,78,24,332.62
2024-02-29,ALM-SUR,SKU-ALM-009,Hardware,144,41,221.87
2024-02-29,ALM-SUR,SKU-ALM-010,Accesorios,32,27,254.72
2024-02-29,ALM-SUR,SKU-ALM-011,Almacenamiento,119,39,182.42
2024-02-29,ALM-SUR,SKU-ALM-012,Redes,46,46,120.9
2024-02-29,ALM-SUR,SKU-ALM-013,Hardware,196,38,198.5
2024-02-29,ALM-SUR,SKU-ALM-014,Accesorios,34,32,152.95
2024-02-29,ALM-SUR,SKU-ALM-015,Almacenamiento,74,44,240.29
2024-02-29,ALM-SUR,SKU-ALM-016,Redes,28,31,219.28
2024-02-29,ALM-SUR,SKU-ALM-017,Hardware,40,39,148.07
2024-02-29,ALM-SUR,SKU-ALM-018,Accesorios,46,20,113.32
2024-02-29,ALM-SUR,SKU-ALM-019,Almacenamiento,91,33,156.16
2024-02-29,ALM-SUR,SKU-ALM-020,Redes,96,57,216.26
2024-02-29,ALM-SUR,SKU-ALM-021,Hardware,181,40,168.1
2024-02-29,ALM-SUR,SKU-ALM-022,Accesorios,209,48,239.71
2024-02-29,ALM-SUR,SKU-ALM-023,Almacenamiento,77,52,170.88
2024-02-29,ALM-SUR,SKU-ALM-024,Redes,113,30,234.01
2024-02-29,ALM-SUR,SKU-ALM-025,Hardware,58,38,185.25
2024-02-29,ALM-SUR,SKU-ALM-026,Accesorios,171,60,220.55
2024-02-29,ALM-SUR,SKU-ALM-027,Almacenamiento,90,25,288.26
2024-02-29,ALM-SUR,SKU-ALM-028,Redes,103,35,238.75
2024-02-29,ALM-SUR,SKU-ALM-029,Hardware,81,34,284.23
2024-02-29,ALM-SUR,SKU-ALM-030,Accesorios,155,29,18.3
2024-02-29,ALM-SUR,SKU-ALM-031,Almacenamiento,166,35,344.54
2024-02-29,ALM-SUR,SKU-ALM-032,Redes,119,59,298.91
2024-02-29,ALM-SUR,SKU-ALM-033,Hardware,163,24,164.84
2024-02-29,ALM-SUR,SKU-ALM-034,Accesorios,47,60,205.73
2024-02-29,ALM-SUR,SKU-ALM-035,Almacenamiento,169,44,178.09
2024-02-29,ALM-SUR,SKU-ALM-036,Redes,47,35,60.17
2024-02-29,ALM-SUR,SKU-ALM-037,Hardware,117,20,313.5
2024-02-29,ALM-SUR,SKU-ALM-038,Accesorios,141,26,274.66
2024-02-29,ALM-SUR,SKU-ALM-039,Almacenamiento,210,34,69.8
2024-02-29,ALM-SUR,SKU-ALM-040,Redes,89,53,167.95
2024-02-29,ALM-SUR,SKU-ALM-041,Hardware,34,55,94.73
2024-02-29,ALM-SUR,SKU-ALM-042,Accesorios,43,27,165.2
2024-02-29,ALM-SUR,SKU-ALM-043,Almacenamiento,72,49,236.98
2024-02-29,ALM-SUR,SKU-ALM-044,Redes,194,55,212.45
2024-02-29,ALM-SUR,SKU-ALM-045,Hardware,186,48,218.3
2024-02-29,ALM-SUR,SKU-ALM-046,Accesorios,33,52,155.09
2024-02-29,ALM-SUR,SKU-ALM-047,Almacenamiento,106,55,161.61
2024-02-29,ALM-SUR,SKU-ALM-048,Redes,136,30,262.84
2024-02-29,ALM-SUR,SKU-ALM-049,Hardware,65,50,163.02
2024-02-29,ALM-SUR,SKU-ALM-050,Accesorios,85,35,295.55
2024-02-29,ALM-SUR,SKU-ALM-051,Almacenamiento,141,37,270.38
2024-02-29,ALM-SUR,SKU-ALM-052,Redes,176,53,174.76
2024-02-29,ALM-SUR,SKU-ALM-053,Hardware,142,35,103.36
2024-02-29,ALM-SUR,SKU-ALM-054,Accesorios,91,24,252.61
2024-02-29,ALM-SUR,SKU-ALM-055,Almacenamiento,82,35,102.38
2024-02-29,ALM-SUR,SKU-ALM-056,Redes,155,40,313.63
2024-02-29,ALM-SUR,SKU-ALM-057,Hardware,134,25,57.05
2024-02-29,ALM-SUR,SKU-ALM-058,Accesorios,220,34,140.23
2024-02-29,ALM-SUR,SKU-ALM-059,Almacenamiento,128,29,250.18
2024-02-29,ALM-SUR,SKU-ALM-060,Redes,25,24,151.06
2024-02-29,ALM-SUR,SKU-ALM-061,Hardware,134,41,194.49
2024-02-29,ALM-SUR,SKU-ALM-062,Accesorios,109,46,31.17
2024-02-29,ALM-SUR,SKU-ALM-063,Almacenamiento,138,46,142.42
2024-02-29,ALM-SUR,SKU-ALM-064,Redes,70,57,331.66
2024-02-29,ALM-SUR,SKU-ALM-065,Hardware,95,21,301.29
2024-02-29,ALM-SUR,SKU-ALM-066,Accesorios,92,56,139.33
2024-02-29,ALM-SUR,SKU-ALM-067,Almacenamiento,57,20,330.53
2024-02-29,ALM-SUR,SKU-ALM-068,Redes,103,39,266.18
2024-02-29,ALM-SUR,SKU-ALM-069,Hardware,139,46,192.99
2024-02-29,ALM-SUR,SKU-ALM-070,Accesorios,140,54,281.96
2024-02-29,ALM-SUR,SKU-ALM-071,Almacenamiento,138,34,176.0
2024-02-29,ALM-SUR,SKU-ALM-072,Redes,122,37,158.18
2024-02-29,ALM-SUR,SKU-ALM-073,Hardware,168,21,142.21
2024-02-29,ALM-SUR,SKU-ALM-074,Accesorios,31,45,256.22
2024-02-29,ALM-SUR,SKU-ALM-075,Almacenamiento,129,49,322.64
2024-02-29,ALM-SUR,SKU-ALM-076,Redes,63,59,191.6
2024-02-29,ALM-SUR,SKU-ALM-077,Hardware,50,45,211.24
2024-02-29,ALM-SUR,SKU-ALM-078,Accesorios,85,21,38.54
2024-02-29,ALM-SUR,SKU-ALM-079,Almacenamiento,132,47,56.14
2024-02-29,ALM-SUR,SKU-ALM-080,Redes,57,49,71.79
2024-02-29,ALM-SUR,SKU-ALM-081,Hardware,91,36,138.9
2024-02-29,ALM-SUR,SKU-ALM-082,Accesorios,175,33,164.6
2024-02-29,ALM-SUR,SKU-ALM-083,Almacenamiento,0,41,268.82
2024-02-29,ALM-SUR,SKU-ALM-084,Redes,175,44,104.61
2024-02-29,ALM-SUR,SKU-ALM-085,Hardware,113,46,95.77
2024-02-29,ALM-SUR,SKU-ALM-086,Accesorios,130,25,169.9
2024-02-29,ALM-SUR,SKU-ALM-087,Almacenamiento,38,54,27.71
2024-02-29,ALM-SUR,SKU-ALM-088,Redes,81,42,86.24
2024-02-29,ALM-SUR,SKU-ALM-089,Hardware,171,24,275.62
2024-02-29,ALM-SUR,SKU-ALM-090,Accesorios,138,22,266.44
2024-02-29,ALM-SUR,SKU-ALM-091,Almacenamiento,181,35,77.78
2024-02-29,ALM-SUR,SKU-ALM-092,Redes,107,21,221.25
2024-02-29,ALM-SUR,SKU-ALM-093,Hardware,151,35,52.92
2024-02-29,ALM-SUR,SKU-ALM-094,Accesorios,166,27,201.75
2024-02-29,ALM-SUR,SKU-ALM-095,Almacenamiento,31,33,168.11
2024-02-29,ALM-SUR,SKU-ALM-096,Redes,62,36,270.75
2024-02-29,ALM-SUR,SKU-ALM-097,Hardware,72,30,216.0
2024-02-29,ALM-SUR,SKU-ALM-098,Accesorios,173,27,274.45
2024-02-29,ALM-SUR,SKU-ALM-099,Almacenamiento,47,30,338.01
2024-02-29,ALM-SUR,SKU-ALM-100,Redes,104,26,206.75
2024-03-31,ALM-NORTE,SKU-ALM-001,Hardware,66,60,47.85
2024-03-31,ALM-NORTE,SKU-ALM-002,Accesorios,189,37,93.26
2024-03-31,ALM-NORTE,SKU-ALM-003,Almacenamiento,149,28,260.4
2024-03-31,ALM-NORTE,SKU-ALM-004,Redes,92,54,39.56
2024-03-31,ALM-NORTE,SKU-ALM-005,Hardware,96,47,20.81
2024-03-31,ALM-NORTE,SKU-ALM-006,Accesorios,23,25,84.34
2024-03-31,ALM-NORTE,SKU-ALM-007,Almacenamiento,198,52,214.69
2024-03-31,ALM-NORTE,SKU-ALM-008,Redes,260,55,77.6
2024-03-31,ALM-NORTE,SKU-ALM-009,Hardware,73,54,152.64
2024-03-31,ALM-NORTE,SKU-ALM-010,Accesorios,85,48,210.35
2024-03-31,ALM-NORTE,SKU-ALM-011,Almacenamiento,41,20,267.99
2024-03-31,ALM-NORTE,SKU-ALM-012,Redes,189,30,247.37
2024-03-31,ALM-NORTE,SKU-ALM-013,Hardware,26,41,104.48
2024-03-31,ALM-NORTE,SKU-ALM-014,Accesorios,129,33,335.45
2024-03-31,ALM-NORTE,SKU-ALM-015,Almacenamiento,47,41,44.75
2024-03-31,ALM-NORTE,SKU-ALM-016,Redes,119,44,42.88
2024-03-31,ALM-NORTE,SKU-ALM-017,Hardware,163,42,215.27
2024-03-31,ALM-NORTE,SKU-ALM-018,Accesorios,160,22,258.11
2024-03-31,ALM-NORTE,SKU-ALM-019,Almacenamiento,168,54,52.44
2024-03-31,ALM-NORTE,SKU-ALM-020,Redes,56,44,36.79
2024-03-31,ALM-NORTE,SKU-ALM-021,Hardware,175,38,292.0
2024-03-31,ALM-NORTE,SKU-ALM-022,Accesorios,205,59,311.05
2024-03-31,ALM-NORTE,SKU-ALM-023,Almacenamiento,158,43,206.3
2024-03-31,ALM-NORTE,SKU-ALM-024,Redes,74,24,25.58
2024-03-31,ALM-NORTE,SKU-ALM-025,Hardware,120,34,272.84
2024-03-31,ALM-NORTE,SKU-ALM-026,Accesorios,136,25,300.81
2024-03-31,ALM-NORTE,SKU-ALM-027,Almacenamiento,63,26,139.24
2024-03-31,ALM-NORTE,SKU-ALM-028,Redes,131,49,226.13
2024-03-31,ALM-NORTE,SKU-ALM-029,Hardware,106,43,65.3
2024-03-31,ALM-NORTE,SKU-ALM-030,Accesorios,216,42,81.23
2024-03-31,ALM-NORTE,SKU-ALM-031,Almacenamiento,152,37,248.62
2024-03-31,ALM-NORTE,SKU-ALM-032,Redes,29,24,217.1
2024-03-31,ALM-NORTE,SKU-ALM-033,Hardware,134,30,191.61
2024-03-31,ALM-NORTE,SKU-ALM-034,Accesorios,49,35,65.56
2024-03-31,ALM-NORTE,SKU-ALM-035,Almacenamiento,163,44,101.78
2024-03-31,ALM-NORTE,SKU-ALM-036,Redes,115,60,243.98
2024-03-31,ALM-NORTE,SKU-ALM-037,Hardware,217,34,242.77
2024-03-31,ALM-NORTE,SKU-ALM-038,Accesorios,147,23,87.88
2024-03-31,ALM-NORTE,SKU-ALM-039,Almacenamiento,130,22,283.72
2024-03-31,ALM-NORTE,SKU-ALM-040,Redes,129,45,101.03
2024-03-31,ALM-NORTE,SKU-ALM-041,Hardware,115,33,320.47
2024-03-31,ALM-NORTE,SKU-ALM-042,Accesorios,180,56,307.96
2024-03-31,ALM-NORTE,SKU-ALM-043,Almacenamiento,118,40,82.29
2024-03-31,ALM-NORTE,SKU-ALM-044,Redes,84,51,144.51
2024-03-31,ALM-NORTE,SKU-ALM-045,Hardware,89,49,58.58
2024-03-31,ALM-NORTE,SKU-ALM-046,Accesorios,73,28,93.85
2024-03-31,ALM-NORTE,SKU-ALM-047,Almacenamiento,70,55,193.25
2024-03-31,ALM-NORTE,SKU-ALM-048,Redes,77,57,155.67
2024-03-31,ALM-NORTE,SKU-ALM-049,Hardware,99,57,145.8
2024-03-31,ALM-NORTE,SKU-ALM-050,Accesorios,190,34,349.09
2024-03-31,ALM-NORTE,SKU-ALM-051,Almacenamiento,199,28,183.24
2024-03-31,ALM-NORTE,SKU-ALM-052,Redes,162,25,266.97
2024-03-31,ALM-NORTE,SKU-ALM-053,Hardware,77,27,61.97
2024-03-31,ALM-NORTE,SKU-ALM-054,Accesorios,164,30,279.31
2024-03-31,ALM-NORTE,SKU-ALM-055,Almacenamiento,16,47,212.78
2024-03-31,ALM-NORTE,SKU-ALM-056,Redes,136,44,139.75
2024-03-31,ALM-NORTE,SKU-ALM-057,Hardware,151,49,189.9
2024-03-31,ALM-NORTE,SKU-ALM-058,Accesorios,41,55,302.67
2024-03-31,ALM-NORTE,SKU-ALM-059,Almacenamiento,155,20,241.3
2024-03-31,ALM-NORTE,SKU-ALM-060,Redes,80,27,241.78
2024-03-31,ALM-NORTE,SKU-ALM-061,Hardware,100,54,265.3
2024-03-31,ALM-NORTE,SKU-ALM-062,Accesorios,108,41,47.93
2024-03-31,ALM-NORTE,SKU-ALM-063,Almacenamiento,90,47,63.77
2024-03-31,ALM-NORTE,SKU-ALM-064,Redes,102,20,334.3
2024-03-31,ALM-NORTE,SKU-ALM-065,Hardware,156,36,340.44
2024-03-31,ALM-NORTE,SKU-ALM-066,Accesorios,92,31,182.61
2024-03-31,ALM-NORTE,SKU-ALM-067,Almacenamiento,192,26,305.98
2024-03-31,ALM-NORTE,SKU-ALM-068,Redes,20,39,296.17
2024-03-31,ALM-NORTE,SKU-ALM-069,Hardware,112,52,217.05
2024-03-31,ALM-NORTE,SKU-ALM-070,Accesorios,31,29,137.13
2024-03-31,ALM-NORTE,SKU-ALM-071,Almacenamiento,15,30,193.39
2024-03-31,ALM-NORTE,SKU-ALM-072,Redes,67,53,322.29
2024-03-31,ALM-NORTE,SKU-ALM-073,Hardware,121,58,120.21
2024-03-31,ALM-NORTE,SKU-ALM-074,Accesorios,163,21,48.04
2024-03-31,ALM-NORTE,SKU-ALM-075,Almacenamiento,162,43,308.77
2024-03-31,ALM-NORTE,SKU-ALM-076,Redes,101,39,91.41
2024-03-31,ALM-NORTE,SKU-ALM-077,Hardware,132,35,308.52
2024-03-31,ALM-NORTE,SKU-ALM-078,Accesorios,198,25,39.12
2024-03-31,ALM-NORTE,SKU-ALM-079,Almacenamiento,157,51,287.45
2024-03-31,ALM-NORTE,SKU-ALM-080,Redes,185,54,270.38
2024-03-31,ALM-NORTE,SKU-ALM-081,Hardware,9,28,234.32
2024-03-31,ALM-NORTE,SKU-ALM-082,Accesorios,75,55,66.14
2024-03-31,ALM-NORTE,SKU-ALM-083,Almacenamiento,115,53,306.63
2024-03-31,ALM-NORTE,SKU-ALM-084,Redes,106,47,337.88
2024-03-31,ALM-NORTE,SKU-ALM-085,Hardware,102,54,266.79
2024-03-31,ALM-NORTE,SKU-ALM-086,Accesorios,59,32,252.4
2024-03-31,ALM-NORTE,SKU-ALM-087,Almacenamiento,126,45,348.35
2024-03-31,ALM-NORTE,SKU-ALM-088,Redes,191,43,158.95
2024-03-31,ALM-NORTE,SKU-ALM-089,Hardware,145,53,163.51
2024-03-31,ALM-NORTE,SKU-ALM-090,Accesorios,101,35,86.4
2024-03-31,ALM-NORTE,SKU-ALM-091,Almacenamiento,162,41,17.15
2024-03-31,ALM-NORTE,SKU-ALM-092,Redes,175,55,88.24
2024-03-31,ALM-NORTE,SKU-ALM-093,Hardware,82,34,12.44
2024-03-31,ALM-NORTE,SKU-ALM-094,Accesorios,113,60,30.02
2024-03-31,ALM-NORTE,SKU-ALM-095,Almacenamiento,218,24,317.84
2024-03-31,ALM-NORTE,SKU-ALM-096,Redes,114,41,34.09
2024-03-31,ALM-NORTE,SKU-ALM-097,Hardware,104,35,104.68
2024-03-31,ALM-NORTE,SKU-ALM-098,Accesorios,157,51,82.84
2024-03-31,ALM-NORTE,SKU-ALM-099,Almacenamiento,120,28,255.94
2024-03-31,ALM-NORTE,SKU-ALM-100,Redes,127,56,205.91
2024-03-31,ALM-CENTRO,SKU-ALM-001,Hardware,118,35,276.77
2024-03-31,ALM-CENTRO,SKU-ALM-002,Accesorios,33,46,74.74
2024-03-31,ALM-CENTRO,SKU-ALM-003,Almacenamiento,21,26,234.05
2024-03-31,ALM-CENTRO,SKU-ALM-004,Redes,59,42,154.02
2024-03-31,ALM-CENTRO,SKU-ALM-005,Hardware,89,49,303.7
2024-03-31,ALM-CENTRO,SKU-ALM-006,Accesorios,39,23,238.94
2024-03-31,ALM-CENTRO,SKU-ALM-007,Almacenamiento,155,26,30.61
2024-03-31,ALM-CENTRO,SKU-ALM-008,Redes,43,41,282.2
2024-03-31,ALM-CENTRO,SKU-ALM-009,Hardware,66,26,94.54
2024-03-31,ALM-CENTRO,SKU-ALM-010,Accesorios,39,32,192.34
2024-03-31,ALM-CENTRO,SKU-ALM-011,Almacenamiento,184,28,153.44
2024-03-31,ALM-CENTRO,SKU-ALM-012,Redes,84,37,167.29
2024-03-31,ALM-CENTRO,SKU-ALM-013,Hardware,173,24,160.66
2024-03-31,ALM-CENTRO,SKU-ALM-014,Accesorios,150,55,43.29
2024-03-31,ALM-CENTRO,SKU-ALM-015,Almacenamiento,195,54,294.25
2024-03-31,ALM-CENTRO,SKU-ALM-016,Redes,90,25,324.96
2024-03-31,ALM-CENTRO,SKU-ALM-017,Hardware,0,35,66.55
2024-03-31,ALM-CENTRO,SKU-ALM-018,Accesorios,77,51,173.66
2024-03-31,ALM-CENTRO,SKU-ALM-019,Almacenamiento,68,45,316.83
2024-03-31,ALM-CENTRO,SKU-ALM-020,Redes,112,30,138.85
2024-03-31,ALM-CENTRO,SKU-ALM-021,Hardware,154,44,100.17
2024-03-31,ALM-CENTRO,SKU-ALM-022,Accesorios,75,49,106.98
2024-03-31,ALM-CENTRO,SKU-ALM-023,Almacenamiento,35,55,235.04
2024-03-31,ALM-CENTRO,SKU-ALM-024,Redes,0,51,62.63
2024-03-31,ALM-CENTRO,SKU-ALM-025,Hardware,190,38,84.02
2024-03-31,ALM-CENTRO,SKU-ALM-026,Accesorios,88,23,206.92
2024-03-31,ALM-CENTRO,SKU-ALM-027,Almacenamiento,55,54,30.73
2024-03-31,ALM-CENTRO,SKU-ALM-028,Redes,12,40,29.44
2024-03-31,ALM-CENTRO,SKU-ALM-029,Hardware,77,57,172.11
2024-03-31,ALM-CENTRO,SKU-ALM-030,Accesorios,214,53,63.53
2024-03-31,ALM-CENTRO,SKU-ALM-031,Almacenamiento,94,52,37.24
2024-03-31,ALM-CENTRO,SKU-ALM-032,Redes,68,31,33.3
2024-03-31,ALM-CENTRO,SKU-ALM-033,Hardware,183,24,239.57
2024-03-31,ALM-CENTRO,SKU-ALM-034,Accesorios,171,35,147.28
2024-03-31,ALM-CENTRO,SKU-ALM-035,Almacenamiento,47,56,93.71
2024-03-31,ALM-CENTRO,SKU-ALM-036,Redes,65,58,23.51
2024-03-31,ALM-CENTRO,SKU-ALM-037,Hardware,213,25,152.54
2024-03-31,ALM-CENTRO,SKU-ALM-038,Accesorios,81,57,202.18
2024-03-31,ALM-CENTRO,SKU-ALM-039,Almacenamiento,173,40,327.8
2024-03-31,ALM-CENTRO,SKU-ALM-040,Redes,142,33,237.71
2024-03-31,ALM-CENTRO,SKU-ALM-041,Hardware,115,40,91.15
2024-03-31,ALM-CENTRO,SKU-ALM-042,Accesorios,92,45,54.5
2024-03-31,ALM-CENTRO,SKU-ALM-043,Almacenamiento,136,39,165.46
2024-03-31,ALM-CENTRO,SKU-ALM-044,Redes,30,24,13.17
2024-03-31,ALM-CENTRO,SKU-ALM-045,Hardware,121,59,349.47
2024-03-31,ALM-CENTRO,SKU-ALM-046,Accesorios,182,26,34.91
2024-03-31,ALM-CENTRO,SKU-ALM-047,Almacenamiento,39,33,182.0
2024-03-31,ALM-CENTRO,SKU-ALM-048,Redes,0,28,327.31
2024-03-31,ALM-CENTRO,SKU-ALM-049,Hardware,180,24,308.95
2024-03-31,ALM-CENTRO,SKU-ALM-050,Accesorios,118,43,106.9
2024-03-31,ALM-CENTRO,SKU-ALM-051,Almacenamiento,7,48,293.47
2024-03-31,ALM-CENTRO,SKU-ALM-052,Redes,179,39,217.97
2024-03-31,ALM-CENTRO,SKU-ALM-053,Hardware,167,53,12.66
2024-03-31,ALM-CENTRO,SKU-ALM-054,Accesorios,47,55,111.79
2024-03-31,ALM-CENTRO,SKU-ALM-055,Almacenamiento,4,26,329.24
2024-03-31,ALM-CENTRO,SKU-ALM-056,Redes,52,28,99.92
2024-03-31,ALM-CENTRO,SKU-ALM-057,Hardware,141,26,262.42
2024-03-31,ALM-CENTRO,SKU-ALM-058,Accesorios,150,29,102.6
2024-03-31,ALM-CENTRO,SKU-ALM-059,Almacenamiento,14,58,81.61
2024-03-31,ALM-CENTRO,SKU-ALM-060,Redes,88,41,79.22
2024-03-31,ALM-CENTRO,SKU-ALM-061,Hardware,63,60,299.99
2024-03-31,ALM-CENTRO,SKU-ALM-062,Accesorios,193,52,176.1
2024-03-31,ALM-CENTRO,SKU-ALM-063,Almacenamiento,174,23,41.38
2024-03-31,ALM-CENTRO,SKU-ALM-064,Redes,156,47,291.98
2024-03-31,ALM-CENTRO,SKU-ALM-065,Hardware,162,22,11.21
2024-03-31,ALM-CENTRO,SKU-ALM-066,Accesorios,199,28,226.62
2024-03-31,ALM-CENTRO,SKU-ALM-067,Almacenamiento,67,36,64.94
2024-03-31,ALM-CENTRO,SKU-ALM-068,Redes,108,48,197.57
2024-03-31,ALM-CENTRO,SKU-ALM-069,Hardware,76,47,200.71
2024-03-31,ALM-CENTRO,SKU-ALM-070,Accesorios,110,27,35.58
2024-03-31,ALM-CENTRO,SKU-ALM-071,Almacenamiento,101,29,195.5
2024-03-31,ALM-CENTRO,SKU-ALM-072,Redes,107,43,208.05
2024-03-31,ALM-CENTRO,SKU-ALM-073,Hardware,145,29,156.13
2024-03-31,ALM-CENTRO,SKU-ALM-074,Accesorios,118,22,114.81
2024-03-31,ALM-CENTRO,SKU-ALM-075,Almacenamiento,128,22,315.63
2024-03-31,ALM-CENTRO,SKU-ALM-076,Redes,134,33,241.9
2024-03-31,ALM-CENTRO,SKU-ALM-077,Hardware,219,26,130.25
2024-03-31,ALM-CENTRO,SKU-ALM-078,Accesorios,0,55,310.61
2024-03-31,ALM-CENTRO,SKU-ALM-079,Almacenamiento,155,46,341.1
2024-03-31,ALM-CENTRO,SKU-ALM-080,Redes,47,29,324.76
2024-03-31,ALM-CENTRO,SKU-ALM-081,Hardware,117,35,303.97
2024-03-31,ALM-CENTRO,SKU-ALM-082,Accesorios,169,31,309.68
2024-03-31,ALM-CENTRO,SKU-ALM-083,Almacenamiento,73,21,70.98
2024-03-31,ALM-CENTRO,SKU-ALM-084,Redes,126,41,276.01
2024-03-31,ALM-CENTRO,SKU-ALM-085,Hardware,17,46,282.76
2024-03-31,ALM-CENTRO,SKU-ALM-086,Accesorios,25,35,100.71
2024-03-31,ALM-CENTRO,SKU-ALM-087,Almacenamiento,77,26,140.06
2024-03-31,ALM-CENTRO,SKU-ALM-088,Redes,35,22,301.92
2024-03-31,ALM-CENTRO,SKU-ALM-089,Hardware,171,34,77.85
2024-03-31,ALM-CENTRO,SKU-ALM-090,Accesorios,65,49,128.88
2024-03-31,ALM-CENTRO,SKU-ALM-091,Almacenamiento,72,34,85.79
2024-03-31,ALM-CENTRO,SKU-ALM-092,Redes,51,32,145.48
2024-03-31,ALM-CENTRO,SKU-ALM-093,Hardware,188,37,303.88
2024-03-31,ALM-CENTRO,SKU-ALM-094,Accesorios,164,37,129.39
2024-03-31,ALM-CENTRO,SKU-ALM-095,Almacenamiento,197,52,145.89
2024-03-31,ALM-CENTRO,SKU-ALM-096,Redes,168,54,122.59
2024-03-31,ALM-CENTRO,SKU-ALM-097,Hardware,61,21,49.22
2024-03-31,ALM-CENTRO,SKU-ALM-098,Accesorios,18,36,70.71
2024-03-31,ALM-CENTRO,SKU-ALM-099,Almacenamiento,35,36,23.01
2024-03-31,ALM-CENTRO,SKU-ALM-100,Redes,65,58,157.75
2024-03-31,ALM-SUR,SKU-ALM-001,Hardware,74,40,158.37
2024-03-31,ALM-SUR,SKU-ALM-002,Accesorios,151,52,49.32
2024-03-31,ALM-SUR,SKU-ALM-003,Almacenamiento,10,56,74.63
2024-03-31,ALM-SUR,SKU-ALM-004,Redes,106,22,250.99
2024-03-31,ALM-SUR,SKU-ALM-005,Hardware,59,20,186.77
2024-03-31,ALM-SUR,SKU-ALM-006,Accesorios,205,54,243.53
2024-03-31,ALM-SUR,SKU-ALM-007,Almacenamiento,198,32,133.84
2024-03-31,ALM-SUR,SKU-ALM-008,Redes,94,24,332.62
2024-03-31,ALM-SUR,SKU-ALM-009,Hardware,123,41,221.87
2024-03-31,ALM-SUR,SKU-ALM-010,Accesorios,18,27,254.72
2024-03-31,ALM-SUR,SKU-ALM-011,Almacenamiento,143,39,182.42
2024-03-31,ALM-SUR,SKU-ALM-012,Redes,61,46,120.9
2024-03-31,ALM-SUR,SKU-ALM-013,Hardware,202,38,198.5
2024-03-31,ALM-SUR,SKU-ALM-014,Accesorios,38,32,152.95
2024-03-31,ALM-SUR,SKU-ALM-015,Almacenamiento,97,44,240.29
2024-03-31,ALM-SUR,SKU-ALM-016,Redes,39,31,219.28
2024-03-31,ALM-SUR,SKU-ALM-017,Hardware,63,39,148.07
2024-03-31,ALM-SUR,SKU-ALM-018,Accesorios,58,20,113.32
2024-03-31,ALM-SUR,SKU-ALM-019,Almacenamiento,94,33,156.16
2024-03-31,ALM-SUR,SKU-ALM-020,Redes,114,57,216.26
2024-03-31,ALM-SUR,SKU-ALM-021,Hardware,192,40,168.1
2024-03-31,ALM-SUR,SKU-ALM-022,Accesorios,225,48,239.71
2024-03-31,ALM-SUR,SKU-ALM-023,Almacenamiento,92,52,170.88
2024-03-31,ALM-SUR,SKU-ALM-024,Redes,127,30,234.01
2024-03-31,ALM-SUR,SKU-ALM-025,Hardware,53,38,185.25
2024-03-31,ALM-SUR,SKU-ALM-026,Accesorios,201,60,220.55
2024-03-31,ALM-SUR,SKU-ALM-027,Almacenamiento,105,25,288.26
2024-03-31,ALM-SUR,SKU-ALM-028,Redes,98,35,238.75
2024-03-31,ALM-SUR,SKU-ALM-029,Hardware,65,34,284.23
2024-03-31,ALM-SUR,SKU-ALM-030,Accesorios,158,29,18.3
2024-03-31,ALM-SUR,SKU-ALM-031,Almacenamiento,145,35,344.54
2024-03-31,ALM-SUR,SKU-ALM-032,Redes,124,59,298.91
2024-03-31,ALM-SUR,SKU-ALM-033,Hardware,166,24,164.84
2024-03-31,ALM-SUR,SKU-ALM-034,Accesorios,62,60,205.73
2024-03-31,ALM-SUR,SKU-ALM-035,Almacenamiento,163,44,178.09
2024-03-31,ALM-SUR,SKU-ALM-036,Redes,72,35,60.17
2024-03-31,ALM-SUR,SKU-ALM-037,Hardware,109,20,313.5
2024-03-31,ALM-SUR,SKU-ALM-038,Accesorios,153,26,274.66
2024-03-31,ALM-SUR,SKU-ALM-039,Almacenamiento,188,34,69.8
2024-03-31,ALM-SUR,SKU-ALM-040,Redes,86,53,167.95
2024-03-31,ALM-SUR,SKU-ALM-041,Hardware,41,55,94.73
2024-03-31,ALM-SUR,SKU-ALM-042,Accesorios,22,27,165.2
2024-03-31,ALM-SUR,SKU-ALM-043,Almacenamiento,66,49,236.98
2024-03-31,ALM-SUR,SKU-ALM-044,Redes,198,55,212.45
2024-03-31,ALM-SUR,SKU-ALM-045,Hardware,189,48,218.3
2024-03-31,ALM-SUR,SKU-ALM-046,Accesorios,10,52,155.09
2024-03-31,ALM-SUR,SKU-ALM-047,Almacenamiento,84,55,161.61
2024-03-31,ALM-SUR,SKU-ALM-048,Redes,134,30,262.84
2024-03-31,ALM-SUR,SKU-ALM-049,Hardware,93,50,163.02
2024-03-31,ALM-SUR,SKU-ALM-050,Accesorios,78,35,295.55
2024-03-31,ALM-SUR,SKU-ALM-051,Almacenamiento,120,37,270.38
2024-03-31,ALM-SUR,SKU-ALM-052,Redes,192,53,174.76
2024-03-31,ALM-SUR,SKU-ALM-053,Hardware,172,35,103.36
2024-03-31,ALM-SUR,SKU-ALM-054,Accesorios,120,24,252.61
2024-03-31,ALM-SUR,SKU-ALM-055,Almacenamiento,62,35,102.38
2024-03-31,ALM-SUR,SKU-ALM-056,Redes,169,40,313.63
2024-03-31,ALM-SUR,SKU-ALM-057,Hardware,147,25,57.05
2024-03-31,ALM-SUR,SKU-ALM-058,Accesorios,227,34,140.23
2024-03-31,ALM-SUR,SKU-ALM-059,Almacenamiento,127,29,250.18
2024-03-31,ALM-SUR,SKU-ALM-060,Redes,29,24,151.06
2024-03-31,ALM-SUR,SKU-ALM-061,Hardware,146,41,194.49
2024-03-31,ALM-SUR,SKU-ALM-062,Accesorios,119,46,31.17
2024-03-31,ALM-SUR,SKU-ALM-063,Almacenamiento,163,46,142.42
2024-03-31,ALM-SUR,SKU-ALM-064,Redes,92,57,331.66
2024-03-31,ALM-SUR,SKU-ALM-065,Hardware,72,21,301.29
2024-03-31,ALM-SUR,SKU-ALM-066,Accesorios,95,56,139.33
2024-03-31,ALM-SUR,SKU-ALM-067,Almacenamiento,83,20,330.53
2024-03-31,ALM-SUR,SKU-ALM-068,Redes,114,39,266.18
2024-03-31,ALM-SUR,SKU-ALM-069,Hardware,155,46,192.99
2024-03-31,ALM-SUR,SKU-ALM-070,Accesorios,127,54,281.96
2024-03-31,ALM-SUR,SKU-ALM-071,Almacenamiento,133,34,176.0
2024-03-31,ALM-SUR,SKU-ALM-072,Redes,135,37,158.18
2024-03-31,ALM-SUR,SKU-ALM-073,Hardware,173,21,142.21
2024-03-31,ALM-SUR,SKU-ALM-074,Accesorios,38,45,256.22
2024-03-31,ALM-SUR,SKU-ALM-075,Almacenamiento,113,49,322.64
2024-03-31,ALM-SUR,SKU-ALM-076,Redes,41,59,191.6
2024-03-31,ALM-SUR,SKU-ALM-077,Hardware,53,45,211.24
2024-03-31,ALM-SUR,SKU-ALM-078,Accesorios,66,21,38.54
2024-03-31,ALM-SUR,SKU-ALM-079,Almacenamiento,158,47,56.14
2024-03-31,ALM-SUR,SKU-ALM-080,Redes,85,49,71.79
2024-03-31,ALM-SUR,SKU-ALM-081,Hardware,87,36,138.9
2024-03-31,ALM-SUR,SKU-ALM-082,Accesorios,195,33,164.6
2024-03-31,ALM-SUR,SKU-ALM-083,Almacenamiento,0,41,268.82
2024-03-31,ALM-SUR,SKU-ALM-084,Redes,182,44,104.61
2024-03-31,ALM-SUR,SKU-ALM-085,Hardware,129,46,95.77
2024-03-31,ALM-SUR,SKU-ALM-086,Accesorios,116,25,169.9
2024-03-31,ALM-SUR,SKU-ALM-087,Almacenamiento,15,54,27.71
2024-03-31,ALM-SUR,SKU-ALM-088,Redes,71,42,86.24
2024-03-31,ALM-SUR,SKU-ALM-089,Hardware,191,24,275.62
2024-03-31,ALM-SUR,SKU-ALM-090,Accesorios,141,22,266.44
2024-03-31,ALM-SUR,SKU-ALM-091,Almacenamiento,184,35,77.78
2024-03-31,ALM-SUR,SKU-ALM-092,Redes,115,21,221.25
2024-03-31,ALM-SUR,SKU-ALM-093,Hardware,159,35,52.92
2024-03-31,ALM-SUR,SKU-ALM-094,Accesorios,180,27,201.75
2024-03-31,ALM-SUR,SKU-ALM-095,Almacenamiento,16,33,168.11
2024-03-31,ALM-SUR,SKU-ALM-096,Redes,60,36,270.75
2024-03-31,ALM-SUR,SKU-ALM-097,Hardware,70,30,216.0
2024-03-31,ALM-SUR,SKU-ALM-098,Accesorios,166,27,274.45
2024-03-31,ALM-SUR,SKU-ALM-099,Almacenamiento,46,30,338.01
2024-03-31,ALM-SUR,SKU-ALM-100,Redes,105,26,206.75
2024-04-30,ALM-NORTE,SKU-ALM-001,Hardware,90,60,47.85
2024-04-30,ALM-NORTE,SKU-ALM-002,Accesorios,185,37,93.26
2024-04-30,ALM-NORTE,SKU-ALM-003,Almacenamiento,167,28,260.4
2024-04-30,ALM-NORTE,SKU-ALM-004,Redes,105,54,39.56
2024-04-30,ALM-NORTE,SKU-ALM-005,Hardware,74,47,20.81
2024-04-30,ALM-NORTE,SKU-ALM-006,Accesorios,48,25,84.34
2024-04-30,ALM-NORTE,SKU-ALM-007,Almacenamiento,213,52,214.69
2024-04-30,ALM-NORTE,SKU-ALM-008,Redes,276,55,77.6
2024-04-30,ALM-NORTE,SKU-ALM-009,Hardware,69,54,152.64
2024-04-30,ALM-NORTE,SKU-ALM-010,Accesorios,64,48,210.35
2024-04-30,ALM-NORTE,SKU-ALM-011,Almacenamiento,37,20,267.99
2024-04-30,ALM-NORTE,SKU-ALM-012,Redes,170,30,247.37
2024-04-30,ALM-NORTE,SKU-ALM-013,Hardware,36,41,104.48
2024-04-30,ALM-NORTE,SKU-ALM-014,Accesorios,147,33,335.45
2024-04-30,ALM-NORTE,SKU-ALM-015,Almacenamiento,46,41,44.75
2024-04-30,ALM-NORTE,SKU-ALM-016,Redes,112,44,42.88
2024-04-30,ALM-NORTE,SKU-ALM-017,Hardware,154,42,215.27
2024-04-30,ALM-NORTE,SKU-ALM-018,Accesorios,181,22,258.11
2024-04-30,ALM-NORTE,SKU-ALM-019,Almacenamiento,197,54,52.44
2024-04-30,ALM-NORTE,SKU-ALM-020,Redes,73,44,36.79
2024-04-30,ALM-NORTE,SKU-ALM-021,Hardware,188,38,292.0
2024-04-30,ALM-NORTE,SKU-ALM-022,Accesorios,235,59,311.05
2024-04-30,ALM-NORTE,SKU-ALM-023,Almacenamiento,142,43,206.3
2024-04-30,ALM-NORTE,SKU-ALM-024,Redes,70,24,25.58
2024-04-30,ALM-NORTE,SKU-ALM-025,Hardware,100,34,272.84
2024-04-30,ALM-NORTE,SKU-ALM-026,Accesorios,148,25,300.81
2024-04-30,ALM-NORTE,SKU-ALM-027,Almacenamiento,80,26,139.24
2024-04-30,ALM-NORTE,SKU-ALM-028,Redes,115,49,226.13
2024-04-30,ALM-NORTE,SKU-ALM-029,Hardware,103,43,65.3
2024-04-30,ALM-NORTE,SKU-ALM-030,Accesorios,210,42,81.23
2024-04-30,ALM-NORTE,SKU-ALM-031,Almacenamiento,168,37,248.62
2024-04-30,ALM-NORTE,SKU-ALM-032,Redes,48,24,217.1
2024-04-30,ALM-NORTE,SKU-ALM-033,Hardware,151,30,191.61
2024-04-30,ALM-NORTE,SKU-ALM-034,Accesorios,49,35,65.56
2024-04-30,ALM-NORTE,SKU-ALM-035,Almacenamiento,146,44,101.78
2024-04-30,ALM-NORTE,SKU-ALM-036,Redes,128,60,243.98
2024-04-30,ALM-NORTE,SKU-ALM-037,Hardware,237,34,242.77
2024-04-30,ALM-NORTE,SKU-ALM-038,Accesorios,127,23,87.88
2024-04-30,ALM-NORTE,SKU-ALM-039,Almacenamiento,124,22,283.72
2024-04-30,ALM-NORTE,SKU-ALM-040,Redes,139,45,101.03
2024-04-30,ALM-NORTE,SKU-ALM-041,Hardware,114,33,320.47
2024-04-30,ALM-NORTE,SKU-ALM-042,Accesorios,196,56,307.96
2024-04-30,ALM-NORTE,SKU-ALM-043,Almacenamiento,143,40,82.29
2024-04-30,ALM-NORTE,SKU-ALM-044,Redes,80,51,144.51
2024-04-30,ALM-NORTE,SKU-ALM-045,Hardware,116,49,58.58
2024-04-30,ALM-NORTE,SKU-ALM-046,Accesorios,56,28,93.85
2024-04-30,ALM-NORTE,SKU-ALM-047,Almacenamiento,87,55,193.25
2024-04-30,ALM-NORTE,SKU-ALM-048,Redes,96,57,155.67
2024-04-30,ALM-NORTE,SKU-ALM-049,Hardware,127,57,145.8
2024-04-30,ALM-NORTE,SKU-ALM-050,Accesorios,212,34,349.09
2024-04-30,ALM-NORTE,SKU-ALM-051,Almacenamiento,217,28,183.24
2024-04-30,ALM-NORTE,SKU-ALM-052,Redes,170,25,266.97
2024-04-30,ALM-NORTE,SKU-ALM-053,Hardware,57,27,61.97
2024-04-30,ALM-NORTE,SKU-ALM-054,Accesorios,180,30,279.31
2024-04-30,ALM-NORTE,SKU-ALM-055,Almacenamiento,33,47,212.78
2024-04-30,ALM-NORTE,SKU-ALM-056,Redes,138,44,139.75
2024-04-30,ALM-NORTE,SKU-ALM-057,Hardware,158,49,189.9
2024-04-30,ALM-NORTE,SKU-ALM-058,Accesorios,39,55,302.67
2024-04-30,ALM-NORTE,SKU-ALM-059,Almacenamiento,131,20,241.3
2024-04-30,ALM-NORTE,SKU-ALM-060,Redes,78,27,241.78
2024-04-30,ALM-NORTE,SKU-ALM-061,Hardware,94,54,265.3
2024-04-30,ALM-NORTE,SKU-ALM-062,Accesorios,94,41,47.93
2024-04-30,ALM-NORTE,SKU-ALM-063,Almacenamiento,78,47,63.77
2024-04-30,ALM-NORTE,SKU-ALM-064,Redes,98,20,334.3
2024-04-30,ALM-NORTE,SKU-ALM-065,Hardware,180,36,340.44
2024-04-30,ALM-NORTE,SKU-ALM-066,Accesorios,98,31,182.61
2024-04-30,ALM-NORTE,SKU-ALM-067,Almacenamiento,179,26,305.98
2024-04-30,ALM-NORTE,SKU-ALM-068,Redes,9,39,296.17
2024-04-30,ALM-NORTE,SKU-ALM-069,Hardware,95,52,217.05
2024-04-30,ALM-NORTE,SKU-ALM-070,Accesorios,15,29,137.13
2024-04-30,ALM-NORTE,SKU-ALM-071,Almacenamiento,0,30,193.39
2024-04-30,ALM-NORTE,SKU-ALM-072,Redes,60,53,322.29
2024-04-30,ALM-NORTE,SKU-ALM-073,Hardware,150,58,120.21
2024-04-30,ALM-NORTE,SKU-ALM-074,Accesorios,188,21,48.04
2024-04-30,ALM-NORTE,SKU-ALM-075,Almacenamiento,143,43,308.77
2024-04-30,ALM-NORTE,SKU-ALM-076,Redes,108,39,91.41
2024-04-30,ALM-NORTE,SKU-ALM-077,Hardware,156,35,308.52
2024-04-30,ALM-NORTE,SKU-ALM-078,Accesorios,207,25,39.12
2024-04-30,ALM-NORTE,SKU-ALM-079,Almacenamiento,185,51,287.45
2024-04-30,ALM-NORTE,SKU-ALM-080,Redes,207,54,270.38
2024-04-30,ALM-NORTE,SKU-ALM-081,Hardware,17,28,234.32
2024-04-30,ALM-NORTE,SKU-ALM-082,Accesorios,52,55,66.14
2024-04-30,ALM-NORTE,SKU-ALM-083,Almacenamiento,132,53,306.63
2024-04-30,ALM-NORTE,SKU-ALM-084,Redes,102,47,337.88
2024-04-30,ALM-NORTE,SKU-ALM-085,Hardware,126,54,266.79
2024-04-30,ALM-NORTE,SKU-ALM-086,Accesorios,73,32,252.4
2024-04-30,ALM-NORTE,SKU-ALM-087,Almacenamiento,109,45,348.35
2024-04-30,ALM-NORTE,SKU-ALM-088,Redes,204,43,158.95
2024-04-30,ALM-NORTE,SKU-ALM-089,Hardware,144,53,163.51
2024-04-30,ALM-NORTE,SKU-ALM-090,Accesorios,85,35,86.4
2024-04-30,ALM-NORTE,SKU-ALM-091,Almacenamiento,147,41,17.15
2024-04-30,ALM-NORTE,SKU-ALM-092,Redes,161,55,88.24
2024-04-30,ALM-NORTE,SKU-ALM-093,Hardware,110,34,12.44
2024-04-30,ALM-NORTE,SKU-ALM-094,Accesorios,132,60,30.02
2024-04-30,ALM-NORTE,SKU-ALM-095,Almacenamiento,242,24,317.84
2024-04-30,ALM-NORTE,SKU-ALM-096,Redes,128,41,34.09
2024-04-30,ALM-NORTE,SKU-ALM-097,Hardware,130,35,104.68
2024-04-30,ALM-NORTE,SKU-ALM-098,Accesorios,142,51,82.84
2024-04-30,ALM-NORTE,SKU-ALM-099,Almacenamiento,141,28,255.94
2024-04-30,ALM-NORTE,SKU-ALM-100,Redes,130,56,205.91
2024-04-30,ALM-CENTRO,SKU-ALM-001,Hardware,95,35,276.77
2024-04-30,ALM-CENTRO,SKU-ALM-002,Accesorios,34,46,74.74
2024-04-30,ALM-CENTRO,SKU-ALM-003,Almacenamiento,19,26,234.05
2024-04-30,ALM-CENTRO,SKU-ALM-004,Redes,77,42,154.02
2024-04-30,ALM-CENTRO,SKU-ALM-005,Hardware,110,49,303.7
2024-04-30,ALM-CENTRO,SKU-ALM-006,Accesorios,29,23,238.94
2024-04-30,ALM-CENTRO,SKU-ALM-007,Almacenamiento,158,26,30.61
2024-04-30,ALM-CENTRO,SKU-ALM-008,Redes,57,41,282.2
2024-04-30,ALM-CENTRO,SKU-ALM-009,Hardware,59,26,94.54
2024-04-30,ALM-CENTRO,SKU-ALM-010,Accesorios,62,32,192.34
2024-04-30,ALM-CENTRO,SKU-ALM-011,Almacenamiento,206,28,153.44
2024-04-30,ALM-CENTRO,SKU-ALM-012,Redes,109,37,167.29
2024-04-30,ALM-CENTRO,SKU-ALM-013,Hardware,176,24,160.66
2024-04-30,ALM-CENTRO,SKU-ALM-014,Accesorios,139,55,43.29
2024-04-30,ALM-CENTRO,SKU-ALM-015,Almacenamiento,204,54,294.25
2024-04-30,ALM-CENTRO,SKU-ALM-016,Redes,80,25,324.96
2024-04-30,ALM-CENTRO,SKU-ALM-017,Hardware,0,35,66.55
2024-04-30,ALM-CENTRO,SKU-ALM-018,Accesorios,103,51,173.66
2024-04-30,ALM-CENTRO,SKU-ALM-019,Almacenamiento,93,45,316.83
2024-04-30,ALM-CENTRO,SKU-ALM-020,Redes,117,30,138.85
2024-04-30,ALM-CENTRO,SKU-ALM-021,Hardware,182,44,100.17
2024-04-30,ALM-CENTRO,SKU-ALM-022,Accesorios,62,49,106.98
2024-04-30,ALM-CENTRO,SKU-ALM-023,Almacenamiento,33,55,235.04
2024-04-30,ALM-CENTRO,SKU-ALM-024,Redes,18,51,62.63
2024-04-30,ALM-CENTRO,SKU-ALM-025,Hardware,201,38,84.02
2024-04-30,ALM-CENTRO,SKU-ALM-026,Accesorios,91,23,206.92
2024-04-30,ALM-CENTRO,SKU-ALM-027,Almacenamiento,59,54,30.73
2024-04-30,ALM-CENTRO,SKU-ALM-028,Redes,36,40,29.44
2024-04-30,ALM-CENTRO,SKU-ALM-029,Hardware,70,57,172.11
2024-04-30,ALM-CENTRO,SKU-ALM-030,Accesorios,238,53,63.53
2024-04-30,ALM-CENTRO,SKU-ALM-031,Almacenamiento,93,52,37.24
2024-04-30,ALM-CENTRO,SKU-ALM-032,Redes,75,31,33.3
2024-04-30,ALM-CENTRO,SKU-ALM-033,Hardware,191,24,239.57
2024-04-30,ALM-CENTRO,SKU-ALM-034,Accesorios,172,35,147.28
2024-04-30,ALM-CENTRO,SKU-ALM-035,Almacenamiento,32,56,93.71
2024-04-30,ALM-CENTRO,SKU-ALM-036,Redes,92,58,23.51
2024-04-30,ALM-CENTRO,SKU-ALM-037,Hardware,200,25,152.54
2024-04-30,ALM-CENTRO,SKU-ALM-038,Accesorios,107,57,202.18
2024-04-30,ALM-CENTRO,SKU-ALM-039,Almacenamiento,186,40,327.8
2024-04-30,ALM-CENTRO,SKU-ALM-040,Redes,125,33,237.71
2024-04-30,ALM-CENTRO,SKU-ALM-041,Hardware,145,40,91.15
2024-04-30,ALM-CENTRO,SKU-ALM-042,Accesorios,83,45,54.5
2024-04-30,ALM-CENTRO,SKU-ALM-043,Almacenamiento,114,39,165.46
2024-04-30,ALM-CENTRO,SKU-ALM-044,Redes,46,24,13.17
2024-04-30,ALM-CENTRO,SKU-ALM-045,Hardware,126,59,349.47
2024-04-30,ALM-CENTRO,SKU-ALM-046,Accesorios,212,26,34.91
2024-04-30,ALM-CENTRO,SKU-ALM-047,Almacenamiento,37,33,182.0
2024-04-30,ALM-CENTRO,SKU-ALM-048,Redes,10,28,327.31
2024-04-30,ALM-CENTRO,SKU-ALM-049,Hardware,161,24,308.95
2024-04-30,ALM-CENTRO,SKU-ALM-050,Accesorios,138,43,106.9
2024-04-30,ALM-CENTRO,SKU-ALM-051,Almacenamiento,36,48,293.47
2024-04-30,ALM-CENTRO,SKU-ALM-052,Redes,187,39,217.97
2024-04-30,ALM-CENTRO,SKU-ALM-053,Hardware,196,53,12.66
2024-04-30,ALM-CENTRO,SKU-ALM-054,Accesorios,29,55,111.79
2024-04-30,ALM-CENTRO,SKU-ALM-055,Almacenamiento,0,26,329.24
2024-04-30,ALM-CENTRO,SKU-ALM-056,Redes,32,28,99.92
2024-04-30,ALM-CENTRO,SKU-ALM-057,Hardware,164,26,262.42
2024-04-30,ALM-CENTRO,SKU-ALM-058,Accesorios,135,29,102.6
2024-04-30,ALM-CENTRO,SKU-ALM-059,Almacenamiento,6,58,81.61
2024-04-30,ALM-CENTRO,SKU-ALM-060,Redes,91,41,79.22
2024-04-30,ALM-CENTRO,SKU-ALM-061,Hardware,70,60,299.99
2024-04-30,ALM-CENTRO,SKU-ALM-062,Accesorios,177,52,176.1
2024-04-30,ALM-CENTRO,SKU-ALM-063,Almacenamiento,202,23,41.38
2024-04-30,ALM-CENTRO,SKU-ALM-064,Redes,158,47,291.98
2024-04-30,ALM-CENTRO,SKU-ALM-065,Hardware,142,22,11.21
2024-04-30,ALM-CENTRO,SKU-ALM-066,Accesorios,188,28,226.62
2024-04-30,ALM-CENTRO,SKU-ALM-067,Almacenamiento,94,36,64.94
2024-04-30,ALM-CENTRO,SKU-ALM-068,Redes,111,48,197.57
2024-04-30,ALM-CENTRO,SKU-ALM-069,Hardware,73,47,200.71
2024-04-30,ALM-CENTRO,SKU-ALM-070,Accesorios,86,27,35.58
2024-04-30,ALM-CENTRO,SKU-ALM-071,Almacenamiento,102,29,195.5
2024-04-30,ALM-CENTRO,SKU-ALM-072,Redes,85,43,208.05
2024-04-30,ALM-CENTRO,SKU-ALM-073,Hardware,145,29,156.13
2024-04-30,ALM-CENTRO,SKU-ALM-074,Accesorios,125,22,114.81
2024-04-30,ALM-CENTRO,SKU-ALM-075,Almacenamiento,126,22,315.63
2024-04-30,ALM-CENTRO,SKU-ALM-076,Redes,124,33,241.9
2024-04-30,ALM-CENTRO,SKU-ALM-077,Hardware,218,26,130.25
2024-04-30,ALM-CENTRO,SKU-ALM-078,Accesorios,0,55,310.61
2024-04-30,ALM-CENTRO,SKU-ALM-079,Almacenamiento,153,46,341.1
2024-04-30,ALM-CENTRO,SKU-ALM-080,Redes,36,29,324.76
2024-04-30,ALM-CENTRO,SKU-ALM-081,Hardware,93,35,303.97
2024-04-30,ALM-CENTRO,SKU-ALM-082,Accesorios,164,31,309.68
2024-04-30,ALM-CENTRO,SKU-ALM-083,Almacenamiento,54,21,70.98
2024-04-30,ALM-CENTRO,SKU-ALM-084,Redes,154,41,276.01
2024-04-30,ALM-CENTRO,SKU-ALM-085,Hardware,37,46,282.76
2024-04-30,ALM-CENTRO,SKU-ALM-086,Accesorios,41,35,100.71
2024-04-30,ALM-CENTRO,SKU-ALM-087,Almacenamiento,73,26,140.06
2024-04-30,ALM-CENTRO,SKU-ALM-088,Redes,60,22,301.92
2024-04-30,ALM-CENTRO,SKU-ALM-089,Hardware,155,34,77.85
2024-04-30,ALM-CENTRO,SKU-ALM-090,Accesorios,48,49,128.88
2024-04-30,ALM-CENTRO,SKU-ALM-091,Almacenamiento,49,34,85.79
2024-04-30,ALM-CENTRO,SKU-ALM-092,Redes,44,32,145.48
2024-04-30,ALM-CENTRO,SKU-ALM-093,Hardware,216,37,303.88
2024-04-30,ALM-CENTRO,SKU-ALM-094,Accesorios,169,37,129.39
2024-04-30,ALM-CENTRO,SKU-ALM-095,Almacenamiento,216,52,145.89
2024-04-30,ALM-CENTRO,SKU-ALM-096,Redes,196,54,122.59
2024-04-30,ALM-CENTRO,SKU-ALM-097,Hardware,44,21,49.22
2024-04-30,ALM-CENTRO,SKU-ALM-098,Accesorios,41,36,70.71
2024-04-30,ALM-CENTRO,SKU-ALM-099,Almacenamiento,55,36,23.01
2024-04-30,ALM-CENTRO,SKU-ALM-100,Redes,70,58,157.75
2024-04-30,ALM-SUR,SKU-ALM-001,Hardware,77,40,158.37
2024-04-30,ALM-SUR,SKU-ALM-002,Accesorios,165,52,49.32
2024-04-30,ALM-SUR,SKU-ALM-003,Almacenamiento,0,56,74.63
2024-04-30,ALM-SUR,SKU-ALM-004,Redes,86,22,250.99
2024-04-30,ALM-SUR,SKU-ALM-005,Hardware,35,20,186.77
2024-04-30,ALM-SUR,SKU-ALM-006,Accesorios,196,54,243.53
2024-04-30,ALM-SUR,SKU-ALM-007,Almacenamiento,186,32,133.84
2024-04-30,ALM-SUR,SKU-ALM-008,Redes,122,24,332.62
2024-04-30,ALM-SUR,SKU-ALM-009,Hardware,107,41,221.87
2024-04-30,ALM-SUR,SKU-ALM-010,Accesorios,28,27,254.72
2024-04-30,ALM-SUR,SKU-ALM-011,Almacenamiento,164,39,182.42
2024-04-30,ALM-SUR,SKU-ALM-012,Redes,74,46,120.9
2024-04-30,ALM-SUR,SKU-ALM-013,Hardware,210,38,198.5
2024-04-30,ALM-SUR,SKU-ALM-014,Accesorios,40,32,152.95
2024-04-30,ALM-SUR,SKU-ALM-015,Almacenamiento,79,44,240.29
2024-04-30,ALM-SUR,SKU-ALM-016,Redes,63,31,219.28
2024-04-30,ALM-SUR,SKU-ALM-017,Hardware,56,39,148.07
2024-04-30,ALM-SUR,SKU-ALM-018,Accesorios,48,20,113.32
2024-04-30,ALM-SUR,SKU-ALM-019,Almacenamiento,88,33,156.16
2024-04-30,ALM-SUR,SKU-ALM-020,Redes,96,57,216.26
2024-04-30,ALM-SUR,SKU-ALM-021,Hardware,170,40,168.1
2024-04-30,ALM-SUR,SKU-ALM-022,Accesorios,215,48,239.71
2024-04-30,ALM-SUR,SKU-ALM-023,Almacenamiento,93,52,170.88
2024-04-30,ALM-SUR,SKU-ALM-024,Redes,142,30,234.01
2024-04-30,ALM-SUR,SKU-ALM-025,Hardware,78,38,185.25
2024-04-30,ALM-SUR,SKU-ALM-026,Accesorios,215,60,220.55
2024-04-30,ALM-SUR,SKU-ALM-027,Almacenamiento,109,25,288.26
2024-04-30,ALM-SUR,SKU-ALM-028,Redes,77,35,238.75
2024-04-30,ALM-SUR,SKU-ALM-029,Hardware,47,34,284.23
2024-04-30,ALM-SUR,SKU-ALM-030,Accesorios,186,29,18.3
2024-04-30,ALM-SUR,SKU-ALM-031,Almacenamiento,151,35,344.54
2024-04-30,ALM-SUR,SKU-ALM-032,Redes,137,59,298.91
2024-04-30,ALM-SUR,SKU-ALM-033,Hardware,175,24,164.84
2024-04-30,ALM-SUR,SKU-ALM-034,Accesorios,38,60,205.73
2024-04-30,ALM-SUR,SKU-ALM-035,Almacenamiento,178,44,178.09
2024-04-30,ALM-SUR,SKU-ALM-036,Redes,79,35,60.17
2024-04-30,ALM-SUR,SKU-ALM-037,Hardware,120,20,313.5
2024-04-30,ALM-SUR,SKU-ALM-038,Accesorios,143,26,274.66
2024-04-30,ALM-SUR,SKU-ALM-039,Almacenamiento,208,34,69.8
2024-04-30,ALM-SUR,SKU-ALM-040,Redes,70,53,167.95
2024-04-30,ALM-SUR,SKU-ALM-041,Hardware,34,55,94.73
2024-04-30,ALM-SUR,SKU-ALM-042,Accesorios,24,27,165.2
2024-04-30,ALM-SUR,SKU-ALM-043,Almacenamiento,41,49,236.98
2024-04-30,ALM-SUR,SKU-ALM-044,Redes,212,55,212.45
2024-04-30,ALM-SUR,SKU-ALM-045,Hardware,186,48,218.3
2024-04-30,ALM-SUR,SKU-ALM-046,Accesorios,0,52,155.09
2024-04-30,ALM-SUR,SKU-ALM-047,Almacenamiento,95,55,161.61
2024-04-30,ALM-SUR,SKU-ALM-048,Redes,135,30,262.84
2024-04-30,ALM-SUR,SKU-ALM-049,Hardware,79,50,163.02
2024-04-30,ALM-SUR,SKU-ALM-050,Accesorios,95,35,295.55
2024-04-30,ALM-SUR,SKU-ALM-051,Almacenamiento,137,37,270.38
2024-04-30,ALM-SUR,SKU-ALM-052,Redes,172,53,174.76
2024-04-30,ALM-SUR,SKU-ALM-053,Hardware,180,35,103.36
2024-04-30,ALM-SUR,SKU-ALM-054,Accesorios,118,24,252.61
2024-04-30,ALM-SUR,SKU-ALM-055,Almacenamiento,41,35,102.38
2024-04-30,ALM-SUR,SKU-ALM-056,Redes,177,40,313.63
2024-04-30,ALM-SUR,SKU-ALM-057,Hardware,156,25,57.05
2024-04-30,ALM-SUR,SKU-ALM-058,Accesorios,234,34,140.23
2024-04-30,ALM-SUR,SKU-ALM-059,Almacenamiento,152,29,250.18
2024-04-30,ALM-SUR,SKU-ALM-060,Redes,36,24,151.06
2024-04-30,ALM-SUR,SKU-ALM-061,Hardware,156,41,194.49
2024-04-30,ALM-SUR,SKU-ALM-062,Accesorios,95,46,31.17
2024-04-30,ALM-SUR,SKU-ALM-063,Almacenamiento,162,46,142.42
2024-04-30,ALM-SUR,SKU-ALM-064,Redes,122,57,331.66
2024-04-30,ALM-SUR,SKU-ALM-065,Hardware,77,21,301.29
2024-04-30,ALM-SUR,SKU-ALM-066,Accesorios,72,56,139.33
2024-04-30,ALM-SUR,SKU-ALM-067,Almacenamiento,98,20,330.53
2024-04-30,ALM-SUR,SKU-ALM-068,Redes,113,39,266.18
2024-04-30,ALM-SUR,SKU-ALM-069,Hardware,153,46,192.99
2024-04-30,ALM-SUR,SKU-ALM-070,Accesorios,118,54,281.96
2024-04-30,ALM-SUR,SKU-ALM-071,Almacenamiento,155,34,176.0
2024-04-30,ALM-SUR,SKU-ALM-072,Redes,111,37,158.18
2024-04-30,ALM-SUR,SKU-ALM-073,Hardware,170,21,142.21
2024-04-30,ALM-SUR,SKU-ALM-074,Accesorios,63,45,256.22
2024-04-30,ALM-SUR,SKU-ALM-075,Almacenamiento,92,49,322.64
2024-04-30,ALM-SUR,SKU-ALM-076,Redes,38,59,191.6
2024-04-30,ALM-SUR,SKU-ALM-077,Hardware,43,45,211.24
2024-04-30,ALM-SUR,SKU-ALM-078,Accesorios,87,21,38.54
2024-04-30,ALM-SUR,SKU-ALM-079,Almacenamiento,175,47,56.14
2024-04-30,ALM-SUR,SKU-ALM-080,Redes,100,49,71.79
2024-04-30,ALM-SUR,SKU-ALM-081,Hardware,68,36,138.9
2024-04-30,ALM-SUR,SKU-ALM-082,Accesorios,219,33,164.6
2024-04-30,ALM-SUR,SKU-ALM-083,Almacenamiento,12,41,268.82
2024-04-30,ALM-SUR,SKU-ALM-084,Redes,204,44,104.61
2024-04-30,ALM-SUR,SKU-ALM-085,Hardware,152,46,95.77
2024-04-30,ALM-SUR,SKU-ALM-086,Accesorios,112,25,169.9
2024-04-30,ALM-SUR,SKU-ALM-087,Almacenamiento,0,54,27.71
2024-04-30,ALM-SUR,SKU-ALM-088,Redes,48,42,86.24
2024-04-30,ALM-SUR,SKU-ALM-089,Hardware,188,24,275.62
2024-04-30,ALM-SUR,SKU-ALM-090,Accesorios,150,22,266.44
2024-04-30,ALM-SUR,SKU-ALM-091,Almacenamiento,180,35,77.78
2024-04-30,ALM-SUR,SKU-ALM-092,Redes,142,21,221.25
2024-04-30,ALM-SUR,SKU-ALM-093,Hardware,175,35,52.92
2024-04-30,ALM-SUR,SKU-ALM-094,Accesorios,166,27,201.75
2024-04-30,ALM-SUR,SKU-ALM-095,Almacenamiento,44,33,168.11
2024-04-30,ALM-SUR,SKU-ALM-096,Redes,84,36,270.75
2024-04-30,ALM-SUR,SKU-ALM-097,Hardware,88,30,216.0
2024-04-30,ALM-SUR,SKU-ALM-098,Accesorios,170,27,274.45
2024-04-30,ALM-SUR,SKU-ALM-099,Almacenamiento,65,30,338.01
2024-04-30,ALM-SUR,SKU-ALM-100,Redes,110,26,206.75
